9603951,0,0
9125129,7.15e-05,9.6e-05
12769293,-0.031,-0.0105
14625048,-0.0308,-0.011
14633501,-0.0206,-0.0542
14633509,-0.021,-0.0538
12644365,-0.0368,-0.0305
13291457,-0.0372,-0.0306
13297005,-0.0295,-0.0486
11552508,-0.0303,-0.0482
12812672,-0.00355,-0.0454
10500837,-0.00619,-0.0422
11615216,0.0282,-0.0208
14630834,0.0294,-0.0226
14610970,-0.00346,-0.0456
14642543,-0.00369,-0.0455
14625008,-0.0165,-0.0533
9356638,-0.0168,-0.0536
9356648,0.0161,-0.0332
17892747,0.0159,-0.0333
13512335,-0.0395,-0.00449
14642544,-0.0397,-0.00487
12812632,-0.0133,-0.0265
10514764,-0.0112,-0.0274
11425047,-0.017,-0.0221
14610953,-0.0172,-0.0209
11564678,-0.0168,-0.00221
11564679,-0.0178,-0.00264
11477626,-0.0144,-0.00792
12812692,-0.0161,-0.00487
14270019,-0.0467,-0.0702
14287569,-0.0459,-0.0692
14459581,-0.0316,-0.00501
14459583,-0.0317,-0.00489
9771769,-0.000257,-0.0101
14000736,-0.000601,-0.0101
14459570,-0.0144,0.00199
14459572,-0.015,0.00168
14459584,-0.0294,-0.00369
9771775,-0.0319,-0.00489
13259673,0.017,-0.0327
13297009,0.0167,-0.0329
10500838,0.0395,-0.0208
14634182,0.0387,-0.0193
13291462,0.0268,-0.0243
14013527,0.0274,-0.026
11566938,0.0313,-0.0184
14269866,0.0334,-0.0202
9355219,-0.0281,-0.0262
17892709,-0.0279,-0.0261
14459628,0.0232,-0.0288
14459629,0.0233,-0.029
12812696,-0.00279,-0.014
12938233,-0.00313,-0.0142
9354298,-0.0167,-0.054
17892716,-0.0167,-0.0538
11571153,-0.00253,-0.0469
14013502,-0.00398,-0.00326
17892720,-0.000415,4.8e-05
12812675,0.00543,-0.0101
11570312,-0.00132,-0.0398
14637753,0.00213,-0.0419
12606950,-0.00227,-0.0157
11566939,-0.00202,-0.0161
14024509,0.0136,-0.0324
14611025,0.0164,-0.0307
14610942,-0.0549,-0.0736
17892706,-0.0555,-0.0734
12601493,-0.0416,-0.0636
11540372,-0.0423,-0.063
11555425,-0.0403,-0.0669
12753331,-0.0412,-0.0664
14625036,-0.0303,-0.0117
14625040,-0.0304,-0.0119
13295429,-0.0228,-0.0519
10503449,-0.0236,-0.0527
14027174,-0.02,-0.0548
12753341,-0.0186,-0.0567
10498390,-0.037,-0.0628
12938237,-0.0377,-0.0619
12664167,-0.0116,-0.0506
11570329,-0.0106,-0.0521
13291498,-0.011,-0.0499
10569455,-0.013,-0.0464
13296805,-0.0105,-0.0496
11569985,-0.0418,-0.00305
14395908,-0.0406,-0.00259
9356662,-0.0286,-0.0476
17892708,-0.0285,-0.0474
14024507,-0.0367,-0.00638
11569984,-0.0344,-0.00566
12925305,-0.0405,-0.00288
11555408,-0.0416,-0.00353
14554103,-0.0309,-0.0239
12601559,-0.0285,-0.0263
11567821,-0.0263,-0.0065
11571575,-0.0255,-0.00612
14605198,-0.0238,-0.0242
11570438,-0.0229,-0.0262
12586974,-0.0247,-0.00334
13259727,-0.0249,-0.00324
11615214,-0.0246,0.000168
14407528,-0.0239,-0.00101
13259676,-0.0194,-0.00845
11546727,-0.0206,-0.0106
10509034,-0.0211,-0.0325
12753248,-0.0217,-0.0307
10558956,-0.00974,-0.0349
14000755,-0.00878,-0.037
10509032,0.055,0.0109
11615211,0.0547,0.0107
14608955,-0.0306,-0.0501
14612751,-0.0308,-0.0502
11615215,-0.0214,-0.0245
13291458,-0.0221,-0.0233
14607834,-0.0141,-0.0519
11567822,-0.013,-0.0535
11571554,-0.00345,-0.0322
14637754,-0.00409,-0.035
9356653,0.0157,-0.0333
14607709,-0.0258,-0.0319
17892715,-0.0273,-0.0326
9541875,-0.0558,-0.0733
17892705,-0.0558,-0.0733
9354910,0.00972,-0.0197
17892731,0.00972,-0.0197
17892725,0.00962,-0.0197
17892727,0.00968,-0.0197
17892740,0.0099,-0.0197
17893803,0.0099,-0.0197
17892738,0.00985,-0.0197
17892739,0.00985,-0.0197
13259725,0.0545,0.00533
14607809,0.0553,0.00216
12753287,-0.00612,-0.047
12753763,-0.00586,-0.0468
12830794,-0.0357,-0.0299
12812677,-0.0262,-0.0254
13291500,-0.027,-0.0257
14024676,-0.0251,-0.0248
12726818,-0.0103,-0.0375
12812697,-0.0111,-0.0379
12664104,-0.0132,-0.0264
12644259,-0.0494,-0.0735
14554104,-0.0223,-0.0524
14013469,-0.00874,-0.0486
14554123,-0.00918,-0.0488
12812718,-0.0217,-0.0231
12664112,-0.0212,-0.0229
14612753,-0.0312,-0.0509
12753191,-0.0118,0.00523
12830791,-0.0127,0.00477
17892737,0.00984,-0.0197
14013558,-0.0214,-0.0306
14027216,-0.0195,-0.00821
12753245,-0.0144,-0.0397
14407503,-0.0159,-0.0406
9603954,4.29e-05,0
12830688,-0.0313,-0.0229
11574580,-0.0287,-0.0215
14024483,0.0542,0.00581
11567823,0.0549,0.00773
12594961,-0.0316,-0.00914
14027176,-0.0327,-0.00768
12664182,-0.0354,-0.0101
14013508,-0.0362,-0.00765
14270031,-0.0357,-0.00967
13296811,-0.0362,-0.00729
14000793,-0.0364,-0.0072
10507414,0.00285,-0.00345
12812673,0.00412,-0.00151
10498301,0.00695,-0.0115
14550977,0.00531,-0.0108
14000831,0.0138,-0.0347
14637771,0.0102,-0.0369
9354288,0.0105,-0.00758
17892746,0.0104,-0.00777
13616586,0.00439,-0.00209
14639307,0.00416,-0.00163
12606953,0.0438,-0.0161
12753362,0.0432,-0.0165
13291454,-0.0393,-0.00566
10473649,-0.0404,-0.00626
12812602,-0.0029,-0.00559
17892726,0.00967,-0.0198
12830789,-0.0143,0.00206
10558982,-0.0142,0.00122
14459569,-0.0112,0.00537
9354892,-0.0112,0.00545
14459598,-0.0292,-0.0269
10558983,-0.0285,-0.0284
14013555,-0.00377,-0.00362
14367548,-0.0413,-0.000456
11567872,-0.0424,-0.00161
11566940,-0.00174,-0.04
12601527,-0.0304,-0.0528
11555407,-0.0293,-0.0533
10496118,0.0246,-0.0302
14510263,0.0237,-0.0287
10503463,-0.0102,0.00106
14395827,-0.0113,0.00357
12587092,0.0273,-0.0264
14287622,0.0275,-0.0264
14459578,-0.0389,-0.0371
14554105,-0.0407,-0.035
13296948,-0.0188,-0.000312
10569444,-0.0462,-0.0677
14604898,-0.0456,-0.0688
10498371,-0.00888,-0.0346
14024510,-0.00778,-0.0364
12830414,0.0395,-0.0164
10567013,0.0381,-0.0146
14554124,-0.0147,-0.0198
10496129,-0.0144,-0.0208
11574579,-0.0155,-0.0381
9354274,-0.0374,-0.00463
17892707,-0.0374,-0.00485
11567866,-0.0155,-0.00835
10509097,-0.0118,-0.0278
14000790,-0.0134,-0.0266
13297050,-0.0146,0.00386
11570433,-0.0151,0.00465
14000737,-0.014,-0.00379
9771444,-0.0142,-0.00415
10567067,-0.0149,-0.021
14637774,-0.0156,-0.0202
14625023,0.0161,-0.033
17892729,0.00969,-0.0198
14551053,-0.0125,-0.0386
11553593,-0.0133,-0.0371
10518016,-0.014,-0.029
14367551,-0.0142,-0.027
11570447,-0.0124,-0.00691
17892717,-0.0113,0.00564
12938250,-0.0404,-0.0321
11567801,0.0303,-0.0268
14287599,0.0291,-0.0252
10554712,-0.00945,0.00137
11570321,0.03,-0.0269
17892718,-0.0111,0.00576
14395871,-0.0349,-0.0152
14395873,-0.0348,-0.0151
14027213,-0.00679,-0.0357
11552511,-0.00776,-0.0341
14454404,-0.0206,0.00113
14454406,-0.0204,0.00142
12753246,-0.00819,0.00501
13297006,-0.00688,0.00583
10558978,-0.0154,-0.00149
14395870,-0.0141,0.00216
12753716,-0.00651,-0.00881
12812609,-0.00608,-0.00854
12753333,-0.00468,-0.0345
11477630,-0.00611,-0.0327
10500840,-0.00842,-0.0439
12753290,-0.00635,-0.0471
9771438,-0.00579,-0.047
11566936,-0.00701,-0.033
13296949,-0.00548,-0.035
10507415,-0.00789,-0.00425
10503453,-0.00825,-0.00441
9771529,-0.0343,-0.0156
11566943,-0.00499,0.00204
12812635,-0.00651,0.0011
10509055,-0.0128,0.00583
14024515,-0.0125,0.00501
14287624,0.0264,-0.0271
14606545,0.0263,-0.027
12812636,-0.0124,-0.0117
10496131,-0.012,-0.0125
10509072,-0.0115,-0.0365
10569430,0.0223,-0.0234
12925266,0.0239,-0.026
10509079,0.0174,-0.0345
14024512,0.0234,-0.0265
10504411,0.022,-0.0244
14550998,0.0214,-0.0301
12812638,0.0166,-0.0308
13297002,-0.012,-0.0115
10496113,-0.0116,-0.0121
12812634,0.0167,-0.0305
11570446,0.0426,-0.0189
14607401,0.0417,-0.0173
10504367,0.0253,-0.0223
12925307,0.0266,-0.0244
10525009,-0.00879,-0.0109
14554107,-0.00924,-0.0101
12925303,-0.00965,-0.0103
11570330,-0.00925,-0.0111
13259677,-0.00724,-0.0476
11571573,-0.00932,-0.0444
12769290,0.0421,-0.0147
10525000,0.0411,-0.0131
14554816,0.0406,-0.0181
11571574,0.041,-0.0197
14027173,0.0276,-0.0262
12601521,0.0334,-0.0225
12606843,0.0348,-0.0217
12608406,0.0355,-0.0212
10525001,0.0351,-0.0234
17892748,0.0386,-0.00729
12587125,0.0425,-0.00811
12753273,0.0478,-0.00986
12753292,0.048,-0.0104
12726820,0.0474,-0.00931
10500806,0.0462,-0.0102
13297054,0.048,-0.0138
11567802,0.0488,-0.0153
10504370,0.0343,-0.0239
14637758,0.0495,-0.0133
14642435,0.0538,0.00139
9771519,0.0533,0.00295
11555410,0.0547,0.00809
12812676,0.0565,0.00989
11571571,0.056,0.00641
14728739,0.0631,0.0118
11567800,0.0648,0.0118
10498370,0.0629,0.0161
13259674,0.0626,0.0144
10497952,0.0637,0.0151
11546720,0.0642,0.0127
14013509,-0.034,-0.0389
14367553,-0.03,-0.0402
14510291,-0.0164,-0.0178
14510358,-0.0169,-0.0169
14510365,0.00571,-0.0397
14510415,0.00542,-0.0401
14459595,0.0308,-0.0249
11567803,0.0312,-0.0257
12664084,0.0145,-0.0343
14459601,0.0144,-0.0345
14459596,-0.0293,-0.0267
9327802,-0.0111,0.00578
12601558,0.00253,-0.0417
14510385,0.00333,-0.0412
12601525,-0.0362,-0.00751
14637757,-0.035,-0.00679
12830409,-0.036,-0.00727
10514718,-0.035,-0.0314
10514700,-0.0338,-0.0382
14419605,-0.034,-0.0387
12608401,-0.0338,-0.029
11570442,-0.033,-0.0305
12601555,-0.0331,-0.019
11571152,-0.0308,-0.0182
10498373,-0.0321,-0.0155
12753765,-0.0342,-0.0167
13291261,-0.0336,-0.018
10514702,-0.0311,-0.0166
11553594,-0.0301,-0.0292
12830413,-0.0308,-0.0276
14024484,-0.0275,-0.00482
11552510,-0.0272,-0.00691
14637756,-0.0281,-0.0262
17892714,-0.0273,-0.0326
10567066,-0.0287,-0.00765
10496136,-0.0042,-0.0328
14510393,0.0046,-0.0406
9773564,0.00503,-0.0403
14554753,0.0618,0.0128
14554754,0.0622,0.0131
9354299,-0.0169,-0.0536
12644363,-0.00283,-0.0452
11567820,0.000586,-0.0387
14419573,-0.0403,-0.0622
12830795,-0.039,-0.0606
11570435,-0.00551,-0.0487
14407505,-0.00629,-0.0474
10569456,-0.0383,-0.0106
13297051,-0.0369,-0.0104
14625027,-0.03,-0.0124
14000734,0.00347,-0.000408
17892724,0.000458,0.000312
12707977,0.00724,-0.00924
14554058,0.00755,-0.00893
14407507,0.00172,-0.0422
14607288,-0.000615,-0.0436
12608365,0.00247,-0.0423
10500818,0.00329,-0.0437
12726808,-0.000858,-0.044
11569982,-0.000129,-0.0456
11615217,0.000186,-0.039
11567798,-0.0389,-0.0651
12587181,-0.0395,-0.0642
12812639,0.00263,-0.0418
11564692,0.00367,-0.0435
12769288,-0.00599,-0.0471
10524968,-0.00498,-0.0486
14554825,-0.000829,-0.0437
12753720,-0.00245,-0.0155
12812679,0.0023,-0.0418
12594994,0.0144,-0.0344
14637772,0.005,-0.00379
10473632,0.00418,-0.00583
11570331,0.00538,-0.0419
9771445,0.00801,-0.00859
10497963,0.0108,-0.0387
14027171,0.0126,-0.0258
12664111,0.0128,-0.026
11615212,0.000214,-0.045
10567028,0.00306,-0.00398
11553580,-0.0461,-0.0675
14554815,0.00302,-0.000648
10509058,-0.0477,-0.0699
14270028,-0.0471,-0.0704
14287555,-0.0473,-0.0706
11570332,-0.0479,-0.0702
10514698,-0.0441,-0.0652
14269835,-0.0425,-0.065
12664108,-0.041,-0.0631
14407573,-0.0418,-0.0638
14625026,-0.0146,-0.0398
11566942,-0.016,-0.0384
12753762,0.0132,-0.0326
9356650,0.0161,-0.0331
9356651,0.0158,-0.0334
14625022,0.0157,-0.0336
13296944,-0.0489,-0.0729
10509066,-0.0497,-0.0723
14554812,-0.0166,-0.0542
10504369,-0.0297,-0.0536
11569983,-0.0406,-0.0673
12753757,-0.0287,-0.0507
14407571,-0.0264,-0.0484
11567857,-0.0415,-0.0615
12644341,-0.0407,-0.0627
17892732,0.00974,-0.0199
12664106,-0.0153,-0.0501
12938231,-0.0172,-0.0512
14550997,-0.0111,-0.0503
11569980,-0.0103,-0.0515
9356660,-0.0283,-0.0473
14612788,-0.0281,-0.0471
13291455,-0.0322,-0.0551
10496134,-0.0312,-0.0556
12830416,-0.0313,-0.0506
11570436,-0.032,-0.05
9356663,-0.0287,-0.0476
14612789,-0.0289,-0.0478
12753759,-0.0333,-0.0533
14639308,-0.0332,-0.0535
11426974,-0.0337,-0.0521
12925269,-0.034,-0.0573
10509059,-0.033,-0.058
14550978,-0.0182,-0.0567
13297008,-0.0112,-0.0501
10496135,-0.0315,-0.056
14610952,-0.0158,-0.0488
14642417,-0.0151,-0.05
14454394,-0.017,-0.0535
11553592,-0.0113,-0.0455
12753714,-0.0384,-0.0596
11564677,-0.0392,-0.0589
11555409,-0.0386,-0.0647
11544561,-0.039,-0.0587
12753335,-0.0379,-0.0593
14550982,-0.00834,-0.0486
11610318,-0.00728,-0.05
12644247,-0.0417,-0.000288
11610312,-0.0429,-0.000816
12606808,-0.00862,-0.0488
10517977,-0.00769,-0.0502
10524990,-0.0429,-0.000384
14550995,-0.0243,-0.0503
11567804,-0.0251,-0.0512
10554076,-0.0366,-0.0622
14637775,-0.0358,-0.0596
10558980,-0.0351,-0.0605
10473650,-0.0332,-0.0582
12830411,-0.0367,-0.0578
11571556,-0.0375,-0.0569
13296951,-0.0367,-0.0113
14554121,-0.0365,-0.0114
12587027,-0.0191,-0.0514
11540392,-0.0179,-0.0499
11570441,-0.0182,-0.0499
11544567,-0.0252,-0.0507
14612787,-0.0242,-0.0504
10567058,-0.0348,-0.0602
11544569,-0.0315,-0.0503
11615213,-0.0408,-0.00533
10567012,-0.0386,-0.0118
12644309,-0.0368,-0.0109
12601523,-0.0387,-0.00631
14395879,-0.0388,-0.00691
12830456,-0.0396,-0.00441
12753285,-0.0365,-0.0115
14407525,-0.0379,-0.0311
10497953,-0.0372,-0.0326
11570434,-0.0373,-0.0368
14027139,-0.0377,-0.0375
14554826,-0.0367,-0.0115
14633498,-0.0378,-0.0083
13296952,-0.0366,-0.0103
14027218,-0.0402,-0.0029
11571151,-0.0397,-0.00744
14637755,-0.0267,-0.0432
14606111,-0.0295,-0.0269
17892713,-0.0274,-0.0325
13291502,-0.0305,-0.0214
12753719,-0.0303,-0.0213
11615221,-0.0296,-0.0207
10504413,-0.0207,0.0023
14395907,-0.0205,0.000792
10500839,-0.0203,-0.0111
10507366,-0.0195,-0.00338
12925268,-0.0211,-0.00149
11546726,-0.0213,-0.00883
11566924,-0.02,-0.00365
17892722,0,-2.4e-05
17892719,-0.000458,0.000144
9604039,-0.0276,-0.0327
17892711,-0.0276,-0.0328
17892712,-0.0275,-0.0328
17892723,4.29e-05,-2.4e-05
9354908,0.00968,-0.0197
17892728,0.00968,-0.0197
17892730,0.00972,-0.0197
9771514,-0.027,-0.0229
14625049,-0.0225,-0.0209
9603955,-0.0277,-0.0327
17892710,-0.0277,-0.0328
17893870,0.00994,-0.0197
17892742,0.00994,-0.0197
9354911,0.00977,-0.0197
17892733,0.00977,-0.0197
9522449,0.0386,-0.00725
9355215,-0.0277,-0.026
10500781,-0.019,-0.0397
12608366,-0.0169,-0.0411
9771443,-0.0192,-0.00818
10556585,-0.0196,-0.0506
14459561,-0.0199,-0.0505
12938234,0.0189,-0.0316
12608408,0.0155,-0.0337
14612693,-0.0265,-0.0228
12753766,-0.0265,-0.0227
11571572,0.0565,0.0118
10498364,0.0627,0.0166
12812691,-0.0192,-0.0218
12938238,-0.0205,-0.0224
12601556,0.0263,-0.0245
10509033,0.0251,-0.0225
11477627,-0.032,-0.00943
10567068,0.00219,-0.00194
11544560,-0.0319,-0.0497
11615218,-0.0186,-0.0394
14395876,-0.0316,-0.0219
10504412,-0.0281,-0.0507
14000754,0.0381,-0.0173
10509056,0.0368,-0.0155
12812694,-0.0332,-0.0187
11546711,-0.0356,-0.0544
12664185,-0.0351,-0.0558
14611026,-0.014,-0.0493
9771518,-0.0299,-0.0126
14000735,0.021,-0.0303
10503452,0.0218,-0.0317
11574577,0.064,0.0146
12708069,-0.0372,-0.0613
13259671,-0.00824,0.00482
12938235,0.0154,-0.0338
11570432,0.0159,-0.0275
14013736,0.0175,-0.03
14554122,0.0165,-0.033
11610319,0.0241,-0.0303
10473617,0.00736,-0.0113
10504410,-0.0257,-0.0508
14605817,-0.025,-0.0495
17892741,0.0099,-0.0197
14630832,-0.0163,0.00298
12586937,-0.0181,-0.0213
12708043,0.046,-0.00691
14024513,0.0463,-0.00741
14630833,-0.0107,-0.0149
12753702,-0.0178,0.00221
14287595,0.0278,-0.0261
14269868,0.0343,-0.0197
12606947,-0.0485,-0.0726
14630835,-0.0115,0.00537
14287570,0.0257,-0.0273
14459626,0.024,-0.0284
12644314,-0.0236,-0.0511
12753589,-0.0238,-0.0509
14013503,-0.0338,-0.0176
14637689,-0.0138,-0.0517
14459624,0.00969,-0.00816
14642432,-0.00643,0.000936
14395878,-0.00619,0.00048
12587122,-0.0261,-0.0484
12708092,-0.0277,-0.0463
14287630,0.0173,-0.0302
12830450,0.0298,-0.0224
12938254,-0.0441,-0.0669
12753288,-0.0119,-0.00276
14269909,0.033,-0.0205
12830721,-0.0187,0.00173
14637773,-0.0181,0.00202
12938251,-0.0388,-0.0367
12830420,-0.0133,0.00456
13297003,-0.017,-0.0284
14027138,-0.0269,-0.00259
12608403,-0.00628,-0.0471
14395905,-0.00831,-0.0483
14407457,0.0451,-0.0153
12601524,0.0633,0.0115
14459602,0.0109,-0.00737
13291460,-0.0193,0.00139
12587095,-0.0363,-0.0573
12830300,-0.0491,-0.0733
12753284,-0.0363,-0.038
14550996,-0.0264,-0.00422
12606967,-0.0244,-0.0322
14367552,-0.0237,-0.0318
12830723,-0.0255,-0.00185
14554824,-0.0251,-0.00168
14027136,-0.0243,-0.0217
12938253,-0.0215,-0.0488
17892743,0.00994,-0.0197
17892734,0.00977,-0.0197
17892736,0.00981,-0.0197
12753339,-0.0366,-0.0573
10509067,-0.0373,-0.0566
12644258,-0.01,-0.0018
12606842,-0.0326,-0.0284
12587183,-0.0353,-0.0384
13296809,0.0203,-0.0284
12812717,0.0409,-0.0155
12708041,0.0469,-0.00845
14633478,-0.0378,-0.00895
14642529,-0.0376,-0.00931
14627528,-0.00562,-0.0467
14367533,0.0313,-0.0214
12601528,0.0191,-0.029
14633464,-0.0379,-0.00818
14637739,-0.0223,-0.00206
12608364,-0.0173,-0.0414
9082814,0.0387,-0.00717
9603952,-4.29e-05,0
9125147,-0.0275,-0.0326
9604040,-0.0275,-0.0327
9076215,-0.0557,-0.0732
14637740,-0.0214,0.000288
10473616,-0.022,0.00151
10507408,0.0582,0.0125
12830417,0.0593,0.0113
11544571,-0.0242,-0.0268
11567875,0.015,-0.036
14612752,-0.031,-0.0504
14605236,-0.0117,0.00549
10514701,-0.0124,0.00638
11567853,-0.011,-0.0361
11574572,0.0157,-0.0276
15797688,-0.00694,-0.0359
10569453,-0.0352,-0.0182
11426936,0.00623,-0.0414
10569445,0.0345,-0.017
11570437,-0.0138,-0.0374
12830419,-0.0135,-0.0392
14000787,-0.0188,-0.0294
10496137,-0.0191,-0.031
14610941,-0.0186,-0.0292
10525010,-0.0183,-0.0306
12753717,-0.0191,-0.0295
11540371,-0.0188,0.00331
13297053,-0.0181,0.00278
10509081,-0.0161,-0.0299
11477628,-0.0104,-0.0272
10509080,-0.0154,-0.0295
11570439,-0.0137,0.0054
11606180,-0.0176,-0.039
11606182,-0.0165,-0.0219
11426975,-0.017,-0.0304
9771521,-0.0389,-0.0364
14269913,0.0327,-0.0205
14270024,-0.0473,-0.071
9354896,-0.0115,0.00557
11571134,0.0266,-0.029
11606181,0.0283,-0.0279
10554723,0.0269,-0.0288
10507367,0.0286,-0.0277
10554725,-0.0144,-0.00101
10509065,-0.0125,-2.4e-05
10507417,-0.0113,0.000528
11615220,-0.0134,-0.000504
14000795,0.0305,-0.0244
9771773,-0.025,-0.00372
14459576,-0.0253,-0.00372
14459573,-0.0215,-0.0229
14610969,-0.0215,-0.023
14459575,-0.0214,-0.0228
14419578,-0.00674,-0.0358
10514763,-0.00463,0.00127
14611014,-0.00666,0.00139
10556586,-0.00549,-0.0418
11555411,-0.00671,-0.00998
13259728,-0.00709,-0.00912
12587180,-0.00581,-0.000216
10509057,-0.0042,0.000528
13296946,-0.00516,-0.00139
10509028,-0.00362,-0.000576
10567069,-0.0132,-0.00734
12753701,-0.0104,-0.0149
10498302,0.0222,-0.0315
10504434,0.0187,-0.0258
11567870,0.019,-0.0256
12753337,0.0206,-0.0282
10509030,0.0199,-0.0328
11571555,-0.0103,-0.045
10558981,-0.0103,-0.00597
10498369,-0.011,-0.00629
11569981,0.0311,-0.0186
10504446,0.0283,-0.0198
10517954,0.0343,-0.0171
12586977,0.0315,-0.0238
11540394,0.0322,-0.0253
11570445,0.0442,-0.0178
11566941,0.0443,-0.0177
11610313,0.0448,-0.00828
11553591,0.0459,-0.0169
10525008,0.0455,-0.00936
10503451,0.0652,0.0111
10556584,0.0597,0.0133
11552509,0.0601,0.0135
11555426,0.064,0.0132
11544559,0.0579,0.0123
10563312,0.0568,0.012
9354295,0.0102,-0.00792
9354276,0.0101,-0.0078
14459599,0.0145,-0.0348
10554077,-0.035,-0.0378
11546721,-0.0354,-0.0215
12664165,-0.0325,-0.0201
12925302,-0.0327,-0.0198
11606192,-0.0301,-0.0185
10500820,-0.0319,-0.0299
13291497,-0.0287,-0.00521
11610317,-0.00613,-0.00945
11569987,-0.00193,-0.0466
9356661,-0.0284,-0.0472
12812690,0.00253,-0.0419
12601553,0.0142,-0.0345
13396703,0.00984,-0.0371
11569986,0.0154,-0.0361
10558974,0.0174,-0.0348
12587123,0.0163,-0.0331
11574578,-0.0406,-0.0606
11574581,-0.0425,-0.0632
10517996,-0.0308,-0.0119
11606175,-0.0443,-0.0656
14625024,-0.0202,0.00209
14625025,-0.0194,0.00146
11546707,-0.0204,0.00245
14625035,-0.0306,-0.0115
9327804,-0.0166,-0.054
11544570,-0.0501,-0.073
14630936,-0.0227,-0.0528
11610320,-0.0242,-0.0519
9771520,-0.0217,-0.0526
10517956,-0.0358,-0.0548
10525007,-0.0125,-0.0532
10498372,-0.0149,-0.048
14554106,-0.0405,-0.0622
14633537,-0.0208,-0.0541
12707975,-0.0414,-0.000192
9771435,-0.0396,-0.00401
14407454,-0.0362,-0.0301
10473631,-0.036,-0.0373
11567799,-0.0363,-0.0203
12753360,-0.0308,-0.0108
10504368,-0.0264,-0.0428
11615219,-0.0262,-0.0276
11571552,-0.026,-0.000624
9771516,-0.0261,-0.0176
11570440,-0.0229,-0.0334
11544568,-0.0222,-0.00449
10473615,-0.024,0.000528
12606951,-0.0234,-0.000768
12812608,-0.0201,-0.0197
14419554,-0.0191,-0.0192
10569454,-0.0236,-0.0339
11555424,-0.0218,-0.0327
10473648,-0.021,-0.00384
12644315,-0.0222,-0.0207
12664109,-0.0227,-0.0209
14642433,-0.0223,-0.000192
10509031,-0.0229,0.00103
11564681,-0.0207,-0.0243
10567032,-0.0214,-0.0084
14551052,-0.0209,-0.0226
14013737,-0.0212,-0.0305
11546706,-0.0202,-0.0319
17892744,0.00998,-0.0197
17892745,0.00998,-0.0197
17892735,0.00981,-0.0197
9354909,0.00981,-0.0197
17893794,0.00998,-0.0197
17893799,0.00985,-0.0197
17892721,-4.29e-05,-2.4e-05
14633477,-0.0376,-0.00871
11574583,-0.0185,0.00348
11615222,-0.0201,-0.0478
9354907,-0.0115,0.00573
12708093,-0.0282,-0.0236
14459580,-0.0381,-0.0374
14642530,-0.0223,-0.0209
9354287,0.0106,-0.00773
11606191,0.04,-0.0137
14000789,-0.0405,-0.035
11540393,-0.0131,-0.0285
10473624,-0.00762,-0.0434
10503450,-0.0389,-0.00984
10504445,-0.0339,-0.0524
12606807,-0.0119,0.00537
12606949,-0.00841,-0.0484
11566935,-0.0305,-0.00127
12664187,-0.00718,-0.0476
12753760,-0.0132,-0.0121
12753713,-0.0192,-0.0089
13291495,-0.0052,-0.0013
14642418,-0.0222,-0.0233
9771436,-0.00732,-0.048
14000792,-0.00265,-0.0449
14554823,-0.0367,-0.0112
11570443,-0.0159,-0.0487
14633569,-0.0211,-0.0545
14624964,-0.0418,-0.0671
12830448,-0.0298,-0.0521
13297048,0.0624,0.0146
17896834,-0.0158,-0.0486
11425048,-0.0214,-0.0549
13259679,0.0237,-0.0261
9016690,-0.0463,-0.115
9490130,-0.0463,-0.115
13241679,-0.0689,-0.122
11388365,-0.0695,-0.121
15060404,-0.0587,-0.117
12268661,-0.0597,-0.117
13754044,-0.109,-0.106
11645114,-0.11,-0.107
11150848,-0.0594,-0.12
13687394,-0.0585,-0.12
12058123,-0.0674,-0.126
14544108,-0.0666,-0.127
15285706,-0.0991,-0.141
12986176,-0.0994,-0.141
12053035,-0.143,-0.123
13715832,-0.144,-0.122
12986175,-0.0993,-0.141
15468802,-0.0996,-0.0857
15870544,-0.0999,-0.0859
13701100,-0.16,-0.105
11923618,-0.16,-0.105
11387744,-0.0687,-0.0981
13687225,-0.0679,-0.0988
13687176,-0.077,-0.12
14404989,-0.077,-0.12
15285719,-0.0988,-0.142
14562855,-0.172,-0.131
15299681,-0.172,-0.131
10944029,-0.0551,-0.125
14174357,-0.0561,-0.125
14153595,-0.0539,-0.0793
16063538,-0.0539,-0.0792
13241661,-0.0679,-0.121
10521346,-0.0687,-0.12
13272366,-0.067,-0.12
11027953,-0.0672,-0.119
13661658,-0.158,-0.134
13661656,-0.157,-0.13
10730514,-0.164,-0.123
13683893,-0.165,-0.123
15299687,-0.103,-0.0782
10750788,-0.103,-0.08
13296164,-0.0574,-0.112
12746466,-0.0566,-0.112
15210247,-0.107,-0.13
15870581,-0.106,-0.13
12745363,-0.0511,-0.114
15868395,-0.05,-0.114
11923622,-0.153,-0.135
13928428,-0.153,-0.136
13687127,-0.0737,-0.131
13754227,-0.0746,-0.133
13589409,-0.165,-0.123
12753324,-0.164,-0.124
10730521,-0.15,-0.135
14364295,-0.151,-0.136
14923865,-0.151,-0.108
11780429,-0.15,-0.108
15060416,-0.115,-0.131
15464270,-0.116,-0.132
13252897,-0.0735,-0.128
13252901,-0.0731,-0.127
13178905,-0.138,-0.134
15870562,-0.135,-0.133
14009557,-0.154,-0.121
13706533,-0.154,-0.12
11028754,-0.075,-0.119
15210273,-0.0757,-0.118
13904579,-0.156,-0.124
13904619,-0.155,-0.124
11158156,-0.0533,-0.0767
16063537,-0.0527,-0.0775
10534882,-0.149,-0.131
15870578,-0.148,-0.131
11032239,-0.148,-0.129
14361336,-0.147,-0.129
12054752,-0.156,-0.115
14532525,-0.155,-0.115
13932155,-0.0946,-0.106
11191286,-0.0937,-0.107
13715924,-0.131,-0.117
11001406,-0.13,-0.117
13304187,-0.0941,-0.0992
13633233,-0.0936,-0.0977
13135844,-0.157,-0.136
15825028,-0.157,-0.136
15299683,-0.13,-0.132
10530284,-0.13,-0.131
13150094,-0.165,-0.133
13715810,-0.165,-0.133
13715809,-0.0858,-0.125
12334167,-0.0852,-0.124
13150225,-0.0533,-0.136
11027954,-0.0528,-0.135
14544109,-0.0724,-0.126
11919805,-0.0732,-0.126
11507578,-0.15,-0.134
15468797,-0.149,-0.134
16030688,-0.103,-0.135
16030689,-0.103,-0.135
15464261,-0.128,-0.132
15299686,-0.128,-0.132
13178907,-0.0557,-0.13
11465485,-0.0547,-0.13
11027955,-0.0591,-0.122
13179398,-0.0584,-0.122
16259183,-0.153,-0.107
10730515,-0.154,-0.107
16259198,-0.153,-0.108
11903867,-0.154,-0.108
13655419,-0.154,-0.119
11032242,-0.153,-0.119
9705832,-0.135,-0.134
15870547,-0.135,-0.133
15299682,-0.105,-0.106
11763319,-0.104,-0.105
13904669,-0.155,-0.123
17743109,-0.0556,-0.0734
17743108,-0.0557,-0.0733
13715817,-0.0931,-0.114
15210261,-0.0938,-0.114
13150222,-0.0591,-0.114
14361338,-0.0588,-0.116
13701063,-0.157,-0.0923
13701061,-0.159,-0.0984
15285817,-0.163,-0.134
15285782,-0.164,-0.134
15464262,-0.104,-0.09
13932189,-0.104,-0.0907
15299684,-0.0671,-0.101
15464253,-0.0675,-0.102
13304240,-0.0616,-0.138
13715926,-0.0604,-0.138
15285820,-0.139,-0.134
15093116,-0.14,-0.134
13272354,-0.0671,-0.107
13695865,-0.069,-0.106
9299446,-0.0647,-0.117
13754084,-0.0643,-0.117
13931840,-0.154,-0.121
15468789,-0.155,-0.122
13296673,-0.0603,-0.106
13715834,-0.061,-0.107
14404984,-0.108,-0.107
15464258,-0.107,-0.108
14544080,-0.131,-0.132
11504789,-0.132,-0.132
17746305,-0.0821,-0.121
10937448,-0.0821,-0.121
15210268,-0.0846,-0.126
13815969,-0.085,-0.126
13687227,-0.0926,-0.102
13130190,-0.0928,-0.102
15210242,-0.143,-0.12
15210263,-0.143,-0.122
15496506,-0.151,-0.136
12887264,-0.145,-0.121
13655334,-0.151,-0.107
13706538,-0.152,-0.111
15468766,-0.0754,-0.118
15868397,-0.074,-0.116
17743102,-0.109,-0.0734
14544075,-0.107,-0.0771
9522563,-0.0866,-0.139
9082132,-0.0866,-0.139
9064119,-0.109,-0.0735
9580803,-0.109,-0.0734
9526516,-0.0557,-0.0733
13105283,-0.145,-0.118
16865821,-0.145,-0.118
15060408,-0.0757,-0.115
10628321,-0.0765,-0.115
12545640,-0.126,-0.131
13135376,-0.126,-0.131
15299680,-0.071,-0.111
10749604,-0.0703,-0.112
13150201,-0.105,-0.106
13687392,-0.105,-0.106
12757626,-0.105,-0.0899
15210307,-0.105,-0.0959
12136246,-0.107,-0.0955
13687076,-0.159,-0.129
12054750,-0.16,-0.129
14561332,-0.171,-0.132
12266165,-0.171,-0.131
15299688,-0.0589,-0.105
11919809,-0.058,-0.105
9745448,-0.093,-0.114
14405001,-0.0936,-0.0973
9680510,-0.0813,-0.125
14854616,-0.0816,-0.126
14174069,-0.0719,-0.129
14361355,-0.074,-0.112
11465491,-0.0747,-0.112
13150264,-0.0594,-0.088
16062507,-0.0591,-0.0879
15870551,-0.0624,-0.0953
10749589,-0.0615,-0.0959
13687072,-0.0775,-0.117
11039636,-0.0781,-0.117
13590839,-0.0652,-0.101
14361354,-0.0661,-0.0999
13732165,-0.0944,-0.1
15140825,-0.0947,-0.101
13732164,-0.0945,-0.1
12136245,-0.0957,-0.0998
14174076,-0.0659,-0.0997
12023939,-0.065,-0.1
13715903,-0.0665,-0.127
13304193,-0.0645,-0.126
13150221,-0.0649,-0.121
11906841,-0.0641,-0.121
15285836,-0.0727,-0.114
11150852,-0.0718,-0.115
14281557,-0.0966,-0.102
17357201,-0.0961,-0.103
17383288,-0.0954,-0.103
14405000,-0.145,-0.129
11465906,-0.144,-0.13
13932150,-0.157,-0.136
10617935,-0.157,-0.134
13179327,-0.0537,-0.104
11465487,-0.0533,-0.104
16062506,-0.0538,-0.0792
13178908,-0.0706,-0.103
12744107,-0.0717,-0.103
13715857,-0.166,-0.133
15464263,-0.166,-0.133
13272400,-0.0809,-0.128
10944024,-0.0804,-0.127
11467141,-0.148,-0.127
13754210,-0.147,-0.127
15092176,-0.122,-0.13
10835354,-0.122,-0.13
13241602,-0.0621,-0.114
12744130,-0.063,-0.113
11191068,-0.103,-0.099
15868396,-0.104,-0.0975
13178904,-0.0714,-0.125
12268660,-0.0721,-0.124
12997394,-0.157,-0.121
11138227,-0.158,-0.121
12997399,-0.157,-0.121
14364296,-0.0739,-0.112
15464259,-0.0736,-0.112
13687228,-0.104,-0.106
12986173,-0.1,-0.139
15060410,-0.101,-0.138
11116381,-0.0985,-0.139
12986100,-0.0987,-0.14
13296643,-0.101,-0.0878
14404975,-0.1,-0.0881
13241603,-0.0798,-0.129
11767184,-0.0792,-0.128
9706015,-0.0727,-0.114
11465488,-0.0734,-0.117
15468767,-0.154,-0.118
17744930,-0.156,-0.118
10778676,-0.0952,-0.111
14854619,-0.0957,-0.112
10936284,-0.0594,-0.0939
13135378,-0.0605,-0.0928
15210246,-0.102,-0.0858
11645478,-0.103,-0.085
11499207,-0.0596,-0.116
11921136,-0.0699,-0.142
14854623,-0.0693,-0.142
15285834,-0.0738,-0.112
12708725,-0.157,-0.129
13932004,-0.156,-0.128
13304241,-0.155,-0.123
15060418,-0.156,-0.128
10777192,-0.0807,-0.11
13135863,-0.0818,-0.109
9676851,-0.0591,-0.112
15285757,-0.0589,-0.111
9299438,-0.0649,-0.117
17743106,-0.0648,-0.117
10750789,-0.112,-0.106
14854620,-0.111,-0.105
15468795,-0.0567,-0.116
11150850,-0.0557,-0.116
12746504,-0.0774,-0.13
15285752,-0.0778,-0.131
12269944,-0.121,-0.124
14173468,-0.122,-0.124
12269942,-0.133,-0.132
13687395,-0.132,-0.133
13135759,-0.122,-0.124
11922041,-0.121,-0.125
10973612,-0.117,-0.13
15285824,-0.117,-0.131
13135828,-0.0772,-0.12
10524983,-0.0766,-0.121
13687124,-0.131,-0.116
11029647,-0.13,-0.115
13272348,-0.0793,-0.13
12058137,-0.0786,-0.129
14153594,-0.054,-0.0794
14153590,-0.0541,-0.0794
11380799,-0.149,-0.105
13706585,-0.15,-0.105
9756590,-0.153,-0.136
13179359,-0.154,-0.136
9341295,-0.135,-0.133
17743099,-0.135,-0.133
13932188,-0.072,-0.113
11920757,-0.0713,-0.114
13150256,-0.0817,-0.109
12756457,-0.0806,-0.11
13687410,-0.102,-0.108
12424444,-0.102,-0.107
15299670,-0.102,-0.0783
11504782,-0.102,-0.0801
14174343,-0.101,-0.111
11104351,-0.102,-0.112
12057750,-0.067,-0.0961
14404986,-0.0665,-0.0971
14173465,-0.147,-0.136
15092146,-0.149,-0.136
15140810,-0.0947,-0.101
13304151,-0.159,-0.129
13932126,-0.159,-0.129
15060409,-0.0564,-0.12
12746460,-0.0554,-0.12
9763179,-0.0968,-0.106
15140814,-0.0965,-0.105
15140805,-0.0961,-0.104
13643213,-0.0974,-0.104
13302595,-0.0677,-0.142
12243697,-0.068,-0.143
13302734,-0.11,-0.131
14174259,-0.05,-0.114
10943997,-0.0517,-0.113
10997437,-0.147,-0.124
13296680,-0.146,-0.124
11499205,-0.0576,-0.084
16062501,-0.0569,-0.0845
16063535,-0.0541,-0.0797
15060405,-0.0543,-0.0797
10937481,-0.107,-0.0787
13302729,-0.107,-0.0774
15210309,-0.0509,-0.135
12058131,-0.0504,-0.134
11767574,-0.0958,-0.1
14361352,-0.0592,-0.111
12744122,-0.0585,-0.11
13150142,-0.0917,-0.0994
14361476,-0.0921,-0.0998
10937478,-0.0994,-0.0888
15468771,-0.101,-0.0884
13687126,-0.0995,-0.0854
13687173,-0.147,-0.129
14174344,-0.0605,-0.0897
11145587,-0.0611,-0.0892
13241680,-0.0779,-0.131
15285753,-0.0778,-0.131
13715877,-0.104,-0.107
13150205,-0.146,-0.133
11978846,-0.146,-0.133
10525018,-0.091,-0.114
15868393,-0.0917,-0.115
13754229,-0.0693,-0.137
11499210,-0.0689,-0.136
12733794,-0.0727,-0.14
15210232,-0.0722,-0.139
14361478,-0.152,-0.136
12046036,-0.152,-0.135
15870586,-0.12,-0.13
12424818,-0.12,-0.13
13425278,-0.102,-0.0967
15464279,-0.103,-0.0963
15468770,-0.085,-0.141
17743104,-0.0866,-0.139
11028854,-0.143,-0.125
15468790,-0.144,-0.125
15092147,-0.0665,-0.128
11027952,-0.067,-0.129
13706537,-0.153,-0.114
13904612,-0.153,-0.114
13589410,-0.166,-0.123
15285749,-0.0664,-0.0969
10536405,-0.162,-0.133
15285802,-0.163,-0.134
15464268,-0.144,-0.122
12193884,-0.0828,-0.124
10731860,-0.0737,-0.126
13706580,-0.155,-0.126
11903865,-0.155,-0.126
13932191,-0.102,-0.091
10750787,-0.1,-0.0913
15464265,-0.056,-0.127
11388367,-0.0551,-0.127
13304243,-0.0566,-0.118
12746463,-0.0556,-0.118
13715855,-0.0647,-0.124
12744124,-0.0639,-0.124
10628303,-0.054,-0.135
14544078,-0.0643,-0.13
11465489,-0.0631,-0.13
11919804,-0.0652,-0.116
13715899,-0.103,-0.136
16865820,-0.144,-0.118
13105234,-0.144,-0.118
14561339,-0.17,-0.132
13715860,-0.17,-0.132
11388472,-0.128,-0.131
11138209,-0.164,-0.122
13703119,-0.165,-0.121
10944028,-0.0703,-0.101
15060406,-0.0699,-0.102
13754230,-0.0885,-0.124
10749605,-0.0872,-0.122
10943995,-0.0698,-0.122
13272372,-0.0691,-0.122
10628319,-0.0731,-0.116
13302726,-0.0739,-0.116
15468800,-0.0787,-0.122
11388405,-0.0781,-0.122
13703113,-0.164,-0.118
13703114,-0.164,-0.119
13781201,-0.167,-0.128
10894379,-0.166,-0.128
13703094,-0.163,-0.114
13703091,-0.163,-0.113
13687015,-0.124,-0.13
10894365,-0.159,-0.103
13701080,-0.16,-0.102
13703092,-0.163,-0.114
15210260,-0.106,-0.108
14404979,-0.107,-0.0772
13701082,-0.16,-0.102
13701102,-0.16,-0.105
12753332,-0.159,-0.105
12751883,-0.159,-0.103
13701079,-0.16,-0.103
10996489,-0.158,-0.0979
13701059,-0.158,-0.0977
13695041,-0.159,-0.0981
12751886,-0.158,-0.0984
13703118,-0.165,-0.122
13703121,-0.165,-0.121
13703124,-0.166,-0.126
13781185,-0.166,-0.126
10894380,-0.161,-0.109
13703076,-0.162,-0.109
13781189,-0.167,-0.128
11042369,-0.106,-0.105
15060415,-0.106,-0.106
12424445,-0.107,-0.0967
13932193,-0.106,-0.0971
13781187,-0.166,-0.126
11903863,-0.165,-0.126
16062505,-0.057,-0.0848
10627033,-0.0578,-0.0843
10936295,-0.0563,-0.0818
16062503,-0.0556,-0.0823
13701099,-0.161,-0.104
10534883,-0.162,-0.114
12266160,-0.16,-0.107
13701115,-0.161,-0.107
13701103,-0.161,-0.107
13701105,-0.161,-0.107
11903864,-0.16,-0.108
13703089,-0.162,-0.112
12437168,-0.161,-0.112
13701118,-0.162,-0.109
13703088,-0.162,-0.112
13703078,-0.163,-0.112
13304153,-0.0579,-0.128
10853998,-0.0588,-0.128
13703033,-0.162,-0.11
12753330,-0.161,-0.11
15285821,-0.0642,-0.0851
14361307,-0.0599,-0.0889
11919802,-0.0605,-0.0884
15210264,-0.0604,-0.11
14361357,-0.0617,-0.108
13754216,-0.12,-0.131
12271207,-0.145,-0.118
11378897,-0.143,-0.134
13304191,-0.142,-0.135
13715862,-0.0636,-0.138
15870583,-0.0638,-0.138
11923617,-0.163,-0.121
12136249,-0.104,-0.105
13304156,-0.0562,-0.124
12058133,-0.0553,-0.124
12042812,-0.0594,-0.0866
16062502,-0.0586,-0.0871
10750941,-0.139,-0.133
13904584,-0.151,-0.111
13150252,-0.0871,-0.116
10937450,-0.086,-0.117
13296266,-0.0825,-0.127
13272351,-0.0823,-0.127
15468757,-0.0644,-0.13
10628320,-0.0632,-0.13
13296678,-0.115,-0.131
13252895,-0.0728,-0.127
13272371,-0.0775,-0.131
12744104,-0.0667,-0.0958
13862353,-0.0716,-0.14
16103443,-0.071,-0.14
11645071,-0.0711,-0.129
11465484,-0.0661,-0.117
13241682,-0.0657,-0.118
14532504,-0.157,-0.122
11138225,-0.158,-0.122
13241495,-0.07,-0.123
12745355,-0.0706,-0.123
15464277,-0.0722,-0.126
12745357,-0.073,-0.125
12043164,-0.0709,-0.113
13687171,-0.0717,-0.113
12542829,-0.0708,-0.141
16103442,-0.0709,-0.141
12745352,-0.0674,-0.119
15093093,-0.0523,-0.106
11027968,-0.0512,-0.105
12129893,-0.084,-0.115
15299672,-0.0851,-0.114
14923897,-0.151,-0.108
12369353,-0.0628,-0.137
15468799,-0.0628,-0.138
17743100,-0.129,-0.112
9578422,-0.129,-0.112
17743101,-0.129,-0.112
17743103,-0.109,-0.0734
17743111,-0.0463,-0.115
17743110,-0.0466,-0.115
13715837,-0.13,-0.132
10835353,-0.13,-0.131
15285803,-0.162,-0.134
12136659,-0.142,-0.12
15870584,-0.143,-0.12
15107094,-0.0577,-0.132
15107093,-0.0578,-0.132
15381128,-0.0841,-0.126
10936289,-0.0837,-0.124
12745372,-0.0587,-0.129
15299691,-0.0579,-0.129
13706583,-0.156,-0.129
10945380,-0.156,-0.129
12266161,-0.155,-0.125
13904667,-0.155,-0.125
13706535,-0.15,-0.107
13904618,-0.151,-0.109
13655161,-0.149,-0.102
13655418,-0.149,-0.103
15210313,-0.0713,-0.136
12746502,-0.0703,-0.135
12437164,-0.15,-0.107
10839033,-0.149,-0.104
9726529,-0.153,-0.114
13904576,-0.152,-0.112
12268666,-0.0684,-0.136
13904670,-0.149,-0.102
11380790,-0.148,-0.102
13655336,-0.153,-0.115
14009520,-0.153,-0.116
9754490,-0.0639,-0.12
14173474,-0.0554,-0.135
12023942,-0.0546,-0.135
14854615,-0.0642,-0.132
11920758,-0.0631,-0.132
13715878,-0.0645,-0.0944
14364287,-0.0642,-0.0943
13931814,-0.101,-0.09
15299677,-0.103,-0.0897
13904616,-0.154,-0.12
13904581,-0.156,-0.129
14009519,-0.157,-0.129
13655366,-0.152,-0.115
11380800,-0.156,-0.13
13655362,-0.156,-0.13
13904615,-0.152,-0.113
11380801,-0.152,-0.116
13296674,-0.0725,-0.11
12043165,-0.0737,-0.109
10617842,-0.148,-0.127
9325810,-0.0568,-0.104
17743107,-0.057,-0.104
14532511,-0.156,-0.118
11032243,-0.157,-0.118
14854624,-0.154,-0.119
17745038,-0.156,-0.119
14532509,-0.157,-0.12
11467145,-0.157,-0.12
12753342,-0.156,-0.116
14532512,-0.156,-0.117
14532508,-0.156,-0.119
10617849,-0.157,-0.119
13090950,-0.156,-0.118
13090947,-0.156,-0.119
13150295,-0.157,-0.123
17745019,-0.158,-0.123
17745029,-0.157,-0.12
9376744,-0.0571,-0.104
11763324,-0.142,-0.12
15210258,-0.0636,-0.142
15334995,-0.0546,-0.136
15334997,-0.0577,-0.132
10707544,-0.0582,-0.132
15468781,-0.0544,-0.136
15840005,-0.157,-0.135
12273586,-0.157,-0.134
13241604,-0.0713,-0.125
15210314,-0.0699,-0.107
10933894,-0.0685,-0.108
10933873,-0.101,-0.107
15210266,-0.102,-0.108
13715880,-0.0999,-0.112
11763320,-0.101,-0.113
14854622,-0.103,-0.0965
15468764,-0.0844,-0.126
11032241,-0.159,-0.126
15464269,-0.158,-0.127
13687168,-0.158,-0.125
11467143,-0.158,-0.124
11388478,-0.125,-0.126
15210245,-0.125,-0.126
9341302,-0.135,-0.133
15210336,-0.0568,-0.114
10628306,-0.0558,-0.114
13144659,-0.145,-0.135
15093095,-0.145,-0.135
11465932,-0.147,-0.122
15299685,-0.146,-0.123
13715883,-0.148,-0.131
15870546,-0.148,-0.131
12054748,-0.149,-0.131
9746709,-0.0731,-0.135
13715812,-0.0728,-0.135
11029682,-0.107,-0.13
12762724,-0.146,-0.12
12887276,-0.145,-0.121
12817104,-0.15,-0.136
12887265,-0.145,-0.12
11922413,-0.146,-0.12
16062508,-0.0554,-0.082
12427161,-0.0562,-0.0815
14854626,-0.0626,-0.0955
11499198,-0.0616,-0.0961
11902275,-0.121,-0.123
14174204,-0.121,-0.122
9768169,-0.132,-0.133
13715835,-0.132,-0.133
15869333,-0.0685,-0.137
15299671,-0.0659,-0.138
14174374,-0.155,-0.136
11138246,-0.154,-0.135
10699461,-0.0606,-0.108
12744133,-0.0642,-0.115
15210265,-0.134,-0.127
15868398,-0.134,-0.126
11370460,-0.0741,-0.138
15285754,-0.0732,-0.138
13296195,-0.0865,-0.142
15210244,-0.142,-0.135
13754046,-0.142,-0.135
13687123,-0.143,-0.135
11922412,-0.143,-0.134
14174254,-0.0831,-0.111
11767185,-0.082,-0.112
13150200,-0.0643,-0.131
11150868,-0.0631,-0.131
13687073,-0.0955,-0.112
12757644,-0.0949,-0.111
14404976,-0.0814,-0.125
10854028,-0.081,-0.126
11028769,-0.0771,-0.13
13928440,-0.0644,-0.129
12746496,-0.0631,-0.129
13687079,-0.0558,-0.13
10628305,-0.0547,-0.13
11150822,-0.0654,-0.116
12746488,-0.0748,-0.118
14404978,-0.0934,-0.104
11082505,-0.0923,-0.105
13150224,-0.103,-0.0883
11978465,-0.104,-0.0879
11499206,-0.0913,-0.102
14361339,-0.104,-0.0778
12754650,-0.105,-0.0794
15464278,-0.105,-0.109
11191287,-0.105,-0.11
11978840,-0.107,-0.109
10778695,-0.115,-0.131
13715898,-0.12,-0.13
12136253,-0.12,-0.13
13304224,-0.107,-0.0984
10937492,-0.107,-0.0978
9341304,-0.135,-0.133
14361309,-0.135,-0.132
9341305,-0.135,-0.133
15870582,-0.133,-0.124
13071675,-0.132,-0.124
13241606,-0.0658,-0.118
10628302,-0.0664,-0.118
9814898,-0.0641,-0.138
11645074,-0.0706,-0.135
11028768,-0.0633,-0.127
15060403,-0.0645,-0.127
13928443,-0.103,-0.0941
12043167,-0.101,-0.0941
15210259,-0.0718,-0.106
11499211,-0.0728,-0.106
13135845,-0.147,-0.136
15587150,-0.147,-0.136
16605967,-0.143,-0.122
16625917,-0.143,-0.122
11763326,-0.143,-0.122
16259199,-0.154,-0.109
12753345,-0.154,-0.109
10945396,-0.155,-0.112
16259201,-0.154,-0.112
16259200,-0.154,-0.11
10894383,-0.155,-0.11
11380802,-0.155,-0.112
16259202,-0.155,-0.113
9413888,-0.096,-0.112
16042061,-0.0958,-0.112
16958835,-0.0566,-0.117
16958836,-0.0565,-0.117
12058135,-0.0764,-0.12
13135986,-0.103,-0.135
13302731,-0.103,-0.096
13090920,-0.157,-0.121
14404983,-0.0968,-0.111
16042060,-0.0964,-0.112
12745360,-0.0516,-0.135
15210269,-0.0773,-0.12
11499208,-0.0603,-0.108
15464315,-0.0705,-0.103
13932172,-0.07,-0.102
13577350,-0.108,-0.108
13150095,-0.0708,-0.104
12733775,-0.0718,-0.103
9811031,-0.104,-0.0776
15092136,-0.153,-0.117
17745097,-0.156,-0.116
12764080,-0.0651,-0.094
14854625,-0.135,-0.133
13928445,-0.0998,-0.109
12753320,-0.148,-0.129
16121756,-0.148,-0.129
12023944,-0.0796,-0.107
13296166,-0.0809,-0.107
10523417,-0.0553,-0.123
13754232,-0.0562,-0.123
9680011,-0.0574,-0.132
15468788,-0.0576,-0.133
11645077,-0.101,-0.0939
14666433,-0.105,-0.0926
14792947,-0.104,-0.0928
13703108,-0.163,-0.116
11032240,-0.163,-0.117
14361341,-0.118,-0.131
10530285,-0.118,-0.13
13928446,-0.102,-0.11
10778677,-0.103,-0.111
11150821,-0.0714,-0.13
12054749,-0.162,-0.114
10534884,-0.16,-0.129
15092144,-0.142,-0.118
15299679,-0.104,-0.107
13296645,-0.0646,-0.125
13931855,-0.16,-0.133
15285790,-0.161,-0.134
15285755,-0.0729,-0.139
13931883,-0.0729,-0.138
15870585,-0.059,-0.105
13296197,-0.102,-0.108
13932003,-0.103,-0.107
12817091,-0.158,-0.135
16063543,-0.0542,-0.0799
14404931,-0.0547,-0.104
15060411,-0.145,-0.126
13715838,-0.146,-0.126
15299692,-0.123,-0.13
13302748,-0.125,-0.127
16257615,-0.152,-0.106
16259197,-0.153,-0.107
15334996,-0.0562,-0.123
15299690,-0.0563,-0.122
13932167,-0.0815,-0.122
13904613,-0.158,-0.135
13708762,-0.158,-0.134
13715885,-0.083,-0.111
13687129,-0.13,-0.113
13241678,-0.0686,-0.122
15468793,-0.0569,-0.113
15464271,-0.0569,-0.113
15868289,-0.0711,-0.14
15299678,-0.129,-0.132
13179331,-0.0894,-0.121
14404987,-0.123,-0.127
15496507,-0.142,-0.109
15285789,-0.161,-0.135
15060417,-0.0631,-0.11
15285815,-0.162,-0.134
15285816,-0.161,-0.134
12746475,-0.0582,-0.105
13687174,-0.12,-0.131
13932008,-0.104,-0.0926
15210271,-0.104,-0.0925
15210272,-0.0723,-0.135
15210270,-0.0719,-0.135
13296198,-0.107,-0.0774
14361356,-0.153,-0.136
15210267,-0.0704,-0.109
13178874,-0.0648,-0.123
15468803,-0.0649,-0.122
13715923,-0.0641,-0.133
15060407,-0.0638,-0.138
15468758,-0.0922,-0.115
15299673,-0.0646,-0.125
13687170,-0.104,-0.11
13150137,-0.123,-0.121
13715854,-0.124,-0.122
13715895,-0.0621,-0.0917
14854618,-0.063,-0.0928
13431700,-0.0702,-0.141
14854627,-0.0704,-0.141
15870579,-0.0993,-0.0841
14361480,-0.0826,-0.105
14405003,-0.0832,-0.107
13296167,-0.0565,-0.119
13715830,-0.0797,-0.12
15464272,-0.0793,-0.12
13135858,-0.0566,-0.116
9299447,-0.0647,-0.117
14361335,-0.132,-0.118
14544074,-0.132,-0.12
15868394,-0.056,-0.126
15060414,-0.0558,-0.129
15299669,-0.0559,-0.128
13179333,-0.0564,-0.12
15210257,-0.145,-0.127
15464312,-0.145,-0.127
13150166,-0.132,-0.121
13932194,-0.133,-0.122
14854614,-0.0812,-0.122
13272399,-0.0624,-0.114
11978839,-0.0981,-0.105
13407638,-0.167,-0.133
15464311,-0.168,-0.133
13144631,-0.0847,-0.11
14174071,-0.0835,-0.108
13130660,-0.0869,-0.116
15060413,-0.0853,-0.114
16062504,-0.0584,-0.0868
13932125,-0.0563,-0.121
15210310,-0.127,-0.131
15870580,-0.0861,-0.112
14361477,-0.0854,-0.111
13701077,-0.159,-0.0997
14544106,-0.0988,-0.113
14174067,-0.143,-0.135
14174056,-0.133,-0.125
13932173,-0.122,-0.125
15468780,-0.102,-0.108
13135987,-0.105,-0.0944
13304225,-0.103,-0.0872
15285700,-0.146,-0.136
16259196,-0.153,-0.11
13687078,-0.0869,-0.113
13135826,-0.104,-0.093
13695040,-0.168,-0.133
17746299,-0.0582,-0.105
11191273,-0.105,-0.0896
15097918,-0.0584,-0.121
15464257,-0.146,-0.125
13754244,-0.0581,-0.125
15299693,-0.058,-0.126
13715859,-0.159,-0.131
15464267,-0.079,-0.122
13150098,-0.0636,-0.0935
13135859,-0.0901,-0.117
13932153,-0.0608,-0.0933
13703095,-0.164,-0.116
13150296,-0.0582,-0.112
13304190,-0.0577,-0.112
13179357,-0.0642,-0.0976
13932170,-0.0579,-0.137
15285822,-0.0586,-0.137
15468772,-0.0718,-0.107
14174073,-0.0507,-0.107
15060412,-0.0577,-0.131
13754029,-0.153,-0.116
14404944,-0.153,-0.116
13695880,-0.164,-0.134
15210312,-0.0824,-0.105
13932186,-0.124,-0.125
13715814,-0.0615,-0.138
14361333,-0.131,-0.132
11467527,-0.155,-0.135
13932175,-0.127,-0.131
13272350,-0.0677,-0.121
15285835,-0.0531,-0.105
15299676,-0.145,-0.129
16257614,-0.157,-0.124
13150135,-0.0471,-0.115
13932006,-0.0586,-0.119
13150092,-0.0859,-0.125
15210262,-0.109,-0.103
15210305,-0.113,-0.104
13135829,-0.112,-0.104
13296677,-0.074,-0.134
13754243,-0.0556,-0.132
13272369,-0.0702,-0.124
13687121,-0.124,-0.123
14404981,-0.124,-0.124
13135347,-0.0582,-0.124
15210225,-0.0582,-0.125
9515247,-0.173,-0.13
9049173,-0.173,-0.13
13150219,-0.144,-0.124
12758522,-0.143,-0.124
10829035,-0.16,-0.133
9748973,-0.103,-0.107
11028851,-0.125,-0.122
13715901,-0.0663,-0.131
11188429,-0.067,-0.13
12733788,-0.0869,-0.123
12744127,-0.0671,-0.128
12764078,-0.067,-0.103
11499209,-0.0693,-0.11
12757647,-0.104,-0.111
13130306,-0.105,-0.0924
10894392,-0.166,-0.132
12746494,-0.0631,-0.133
12746491,-0.0639,-0.123
13585474,-0.104,-0.0868
10750785,-0.0708,-0.141
11900991,-0.0637,-0.125
12129902,-0.0982,-0.086
9694482,-0.0995,-0.0838
12023940,-0.063,-0.0911
11027966,-0.0547,-0.129
13404302,-0.0846,-0.107
11188425,-0.0671,-0.103
12042813,-0.0902,-0.0998
12427546,-0.0925,-0.113
15622385,-0.0563,-0.119
12491143,-0.0556,-0.119
10854002,-0.0618,-0.137
12759960,-0.14,-0.133
10630600,-0.147,-0.122
12127607,-0.161,-0.112
12753334,-0.159,-0.127
10944429,-0.126,-0.127
12753340,-0.151,-0.112
10853886,-0.0704,-0.101
9825637,-0.0706,-0.104
11138208,-0.147,-0.125
12268663,-0.0595,-0.107
11018757,-0.0823,-0.113
13150259,-0.0834,-0.112
14854621,-0.0541,-0.107
11387762,-0.0543,-0.108
10794485,-0.106,-0.0925
10854001,-0.0637,-0.125
13932168,-0.0919,-0.115
12129899,-0.0913,-0.114
13706626,-0.153,-0.118
11919807,-0.0583,-0.133
11082481,-0.106,-0.0922
11388366,-0.0589,-0.126
11205492,-0.154,-0.121
10530325,-0.129,-0.113
9674147,-0.159,-0.131
17743105,-0.0866,-0.139
14174074,-0.0755,-0.115
11028770,-0.0763,-0.114
15464314,-0.0898,-0.116
12746457,-0.0548,-0.128
10778698,-0.13,-0.116
15285756,-0.0589,-0.111
12758609,-0.131,-0.12
10853956,-0.0551,-0.126
10677612,-0.0993,-0.0886
11900989,-0.0554,-0.12
11978843,-0.132,-0.123
11191291,-0.144,-0.127
12746485,-0.0693,-0.11
13302728,-0.164,-0.133
11380814,-0.164,-0.133
13715882,-0.0719,-0.126
13928442,-0.0916,-0.0989
11645068,-0.0902,-0.0994
10944011,-0.0783,-0.123
11504781,-0.1,-0.0917
10649791,-0.0859,-0.117
13296675,-0.0825,-0.127
10944030,-0.0818,-0.121
13928438,-0.104,-0.0917
12757654,-0.115,-0.131
9842149,-0.168,-0.133
13135383,-0.168,-0.132
12129891,-0.0544,-0.0792
11906842,-0.0632,-0.113
11465933,-0.102,-0.135
13150298,-0.131,-0.116
9815844,-0.0632,-0.0935
12427544,-0.0674,-0.108
10628318,-0.0503,-0.106
12058136,-0.0579,-0.136
9325808,-0.0572,-0.104
15464266,-0.0575,-0.104
13411040,-0.0745,-0.112
12053032,-0.127,-0.13
12043166,-0.0856,-0.109
12346776,-0.1,-0.108
13687075,-0.101,-0.109
12733778,-0.0783,-0.117
15299689,-0.0776,-0.117
9325809,-0.0569,-0.104
10749590,-0.0592,-0.0862
12043168,-0.103,-0.0847
13179328,-0.0586,-0.118
12745366,-0.0596,-0.118
10853999,-0.0554,-0.121
9842240,-0.0688,-0.122
10555095,-0.0596,-0.0941
12046034,-0.155,-0.125
12758512,-0.133,-0.127
10630527,-0.131,-0.121
11027967,-0.056,-0.113
9748102,-0.0863,-0.125
13754214,-0.0861,-0.125
10524985,-0.0804,-0.119
11388417,-0.0801,-0.119
10749606,-0.0871,-0.111
11088755,-0.158,-0.135
12268659,-0.064,-0.114
12268665,-0.0637,-0.127
10523418,-0.0576,-0.111
13703116,-0.164,-0.119
11467142,-0.163,-0.119
13703110,-0.163,-0.116
11205491,-0.163,-0.119
13781204,-0.168,-0.131
12376088,-0.167,-0.132
13407637,-0.166,-0.126
12753322,-0.165,-0.126
12753328,-0.163,-0.116
10534878,-0.149,-0.103
13655365,-0.149,-0.103
13701073,-0.159,-0.1
13701075,-0.159,-0.1
12271131,-0.158,-0.101
13781202,-0.168,-0.131
12136250,-0.0994,-0.114
12757589,-0.0948,-0.0969
10777195,-0.0926,-0.105
11645067,-0.0632,-0.0982
11150849,-0.0547,-0.132
10524984,-0.0586,-0.136
13460128,-0.0701,-0.141
9662590,-0.0695,-0.14
17743097,-0.173,-0.13
17743096,-0.174,-0.13
10777175,-0.0531,-0.0763
13904675,-0.156,-0.127
10853969,-0.062,-0.112
13272352,-0.0616,-0.112
13150257,-0.11,-0.105
12043169,-0.11,-0.107
9532842,-0.0866,-0.139
11978462,-0.0847,-0.107
11645076,-0.0864,-0.11
12758515,-0.131,-0.119
10944428,-0.129,-0.131
14923898,-0.151,-0.108
11920756,-0.0736,-0.109
11645113,-0.133,-0.125
12055137,-0.162,-0.133
11499212,-0.085,-0.124
12268662,-0.0584,-0.131
12753338,-0.153,-0.118
12439905,-0.152,-0.115
9726548,-0.148,-0.0987
14009553,-0.149,-0.0993
13655363,-0.153,-0.117
11467144,-0.153,-0.12
12054751,-0.153,-0.117
12757175,-0.125,-0.123
12757181,-0.121,-0.125
12757623,-0.103,-0.0987
13706582,-0.151,-0.11
12266162,-0.151,-0.11
10894382,-0.152,-0.113
14544077,-0.1,-0.109
11923619,-0.154,-0.124
13904672,-0.154,-0.122
11138226,-0.154,-0.122
12046035,-0.15,-0.109
11903866,-0.151,-0.111
10894381,-0.156,-0.129
11504787,-0.113,-0.105
10749591,-0.0913,-0.103
11159036,-0.144,-0.129
14532527,-0.155,-0.114
10534885,-0.156,-0.114
17744996,-0.157,-0.121
17745008,-0.156,-0.116
14532533,-0.155,-0.116
10945398,-0.165,-0.132
13633231,-0.0939,-0.0975
10778646,-0.0948,-0.0972
12198797,-0.0737,-0.139
10628304,-0.0592,-0.121
11160768,-0.145,-0.134
11465483,-0.0666,-0.132
12042811,-0.0634,-0.0984
16063536,-0.054,-0.0739
12427545,-0.0842,-0.115
13754047,-0.0809,-0.107
11188639,-0.0797,-0.108
12756465,-0.0839,-0.104
11906843,-0.0719,-0.124
11767575,-0.106,-0.0941
12427550,-0.0981,-0.0858
10944012,-0.0614,-0.137
11919803,-0.0623,-0.0911
13754226,-0.0618,-0.0911
11922414,-0.111,-0.131
10778678,-0.127,-0.13
11919808,-0.0557,-0.117
11465486,-0.0557,-0.115
13150133,-0.0568,-0.115
11978464,-0.102,-0.0964
10749593,-0.064,-0.122
15468765,-0.09,-0.124
12058128,-0.0684,-0.12
10853972,-0.0709,-0.123
12268667,-0.0727,-0.106
13715815,-0.0553,-0.106
10854000,-0.056,-0.107
12058134,-0.057,-0.111
11150851,-0.0526,-0.104
11919806,-0.0595,-0.119
11388406,-0.0604,-0.137
15464260,-0.0618,-0.0913
14361475,-0.0596,-0.106
10521347,-0.0591,-0.125
12745369,-0.0591,-0.123
14854617,-0.0583,-0.123
11645117,-0.144,-0.127
10617848,-0.158,-0.124
15868392,-0.0566,-0.105
11388407,-0.0802,-0.128
11188640,-0.0839,-0.104
12046037,-0.172,-0.13
10530286,-0.125,-0.125
16259195,-0.154,-0.112
16127557,-0.147,-0.129
10943998,-0.0587,-0.127
10568685,-0.155,-0.127
11507568,-0.158,-0.1
12053033,-0.125,-0.124
11188426,-0.0643,-0.093
10944009,-0.0553,-0.122
12058132,-0.0589,-0.124
10521334,-0.0689,-0.0984
13715897,-0.0681,-0.099
11504776,-0.0878,-0.112
12746483,-0.0514,-0.105
11465490,-0.0727,-0.134
12370524,-0.122,-0.127
10944010,-0.0546,-0.108
11188638,-0.0735,-0.133
14173466,-0.0578,-0.13
11900988,-0.0586,-0.13
13296261,-0.0985,-0.113
13302588,-0.0706,-0.11
15464285,-0.0598,-0.092
13687397,-0.145,-0.119
15210243,-0.074,-0.113
15060401,-0.0835,-0.112
15464281,-0.155,-0.136
15140716,-0.0965,-0.105
11767180,-0.0549,-0.0793
13272368,-0.0636,-0.11
13904583,-0.149,-0.101
17746261,-0.0545,-0.0796
13179402,-0.0487,-0.135
12227479,-0.0717,-0.134
17743098,-0.149,-0.101
12437154,-0.148,-0.101
12756026,-0.131,-0.131
11159016,-0.108,-0.0787
14173476,-0.0575,-0.137
14174346,-0.147,-0.135
13179330,-0.121,-0.122
13150096,-0.0819,-0.103
13932113,-0.0553,-0.136
15210308,-0.0807,-0.106
13655420,-0.148,-0.0957
9067554,-0.129,-0.112
9490129,-0.0465,-0.115
9024306,0.00209,-0.0852
9527795,0.00202,-0.0853
14647541,-0.0361,-0.102
10752051,-0.0355,-0.102
13379007,-0.0473,-0.101
10521305,-0.0466,-0.102
9325814,-0.0491,-0.0777
17641784,-0.049,-0.0778
10711858,-0.00588,-0.0741
14936825,-0.00549,-0.0736
14647532,-0.00355,-0.0752
14702885,-0.00322,-0.0756
11999725,-0.0152,-0.0649
12541137,-0.0149,-0.0652
10540256,-0.0172,-0.0819
14393893,-0.0166,-0.0825
15420604,-0.0449,-0.0812
15596103,-0.0449,-0.0814
14700667,-0.0313,-0.0924
13580148,-0.0325,-0.0941
14071674,-0.0257,-0.0621
11506044,-0.0267,-0.0609
14019801,-0.0483,-0.0759
13721067,-0.0286,-0.105
10753222,-0.0276,-0.104
15050111,-0.0291,-0.0858
12061608,-0.0282,-0.0865
14818318,-0.0371,-0.103
14818319,-0.0375,-0.103
15023069,-0.0239,-0.0794
15023070,-0.0236,-0.0791
12023936,-0.0413,-0.103
14071648,-0.0407,-0.104
9406717,-0.0181,-0.057
17641789,-0.0181,-0.0572
13367613,-0.0255,-0.065
10799663,-0.0243,-0.0658
13613590,-0.0372,-0.0796
11192498,-0.0363,-0.0804
12373896,-0.0379,-0.0989
12918380,-0.0376,-0.1
15920564,-0.0408,-0.0802
12042809,-0.0415,-0.0796
14936826,-0.00522,-0.0733
11229960,-0.0313,-0.098
15097917,-0.0323,-0.0973
13604424,-0.0354,-0.0774
11979338,-0.0342,-0.0783
14393863,-0.0286,-0.0689
14530602,-0.0292,-0.0696
9633809,-0.0372,-0.0872
14415471,-0.0373,-0.0872
15033312,-0.0229,-0.0782
12041409,-0.0221,-0.0789
9325812,-0.0492,-0.0779
13021359,-0.0356,-0.0776
13640824,-0.0345,-0.0787
15420601,-0.018,-0.0843
12425714,-0.0186,-0.0837
10748356,-0.0414,-0.0794
14700670,-0.0407,-0.08
15060230,-0.0116,-0.0765
11978948,-0.0126,-0.0756
10906264,-0.0187,-0.0839
15895569,-0.0181,-0.0844
14071651,-0.0531,-0.0974
13379022,-0.0551,-0.0969
17641782,-0.0555,-0.0734
14393920,-0.0549,-0.0737
11193766,-0.0331,-0.0692
13379020,-0.0322,-0.0699
12137500,-0.0318,-0.0988
15895585,-0.0327,-0.0978
14206185,-0.0293,-0.0934
15050093,-0.0311,-0.0922
14702884,-0.0271,-0.0635
12041413,-0.028,-0.0628
14702886,-0.0438,-0.11
15596110,-0.0433,-0.11
15050108,-0.0339,-0.096
11763369,-0.0346,-0.0953
13750846,-0.0486,-0.0782
12970472,-0.0486,-0.0782
15239349,-0.0502,-0.0943
12023937,-0.0495,-0.0947
13724805,-0.0478,-0.0981
12729741,-0.0475,-0.0972
11030611,-0.0176,-0.0594
15027027,-0.0166,-0.0588
13967556,-0.0321,-0.0697
10799676,-0.0329,-0.0689
14647533,-0.0573,-0.0887
15646654,-0.057,-0.0883
14534963,-0.0511,-0.0919
14701955,-0.0493,-0.0897
14647367,-0.0422,-0.108
13960157,-0.0358,-0.0983
13580147,-0.0355,-0.0978
13721236,-0.0356,-0.101
15920584,-0.0112,-0.076
14534960,-0.0107,-0.0754
15895588,-0.018,-0.0689
13703301,-0.0181,-0.0691
15033332,-0.0227,-0.078
14701958,-0.00286,-0.0842
12635742,-0.00209,-0.0833
12970129,-0.0302,-0.0708
13389535,-0.03,-0.0706
15033310,-0.0213,-0.0731
15033319,-0.0228,-0.0749
15646657,-0.0472,-0.0739
15920581,-0.0464,-0.0729
14393890,-0.0322,-0.0734
14702877,-0.0337,-0.0753
15895586,-0.0301,-0.103
14071613,-0.0299,-0.103
12872140,-0.0146,-0.0803
14701910,-0.0148,-0.0805
9663978,-0.0411,-0.0811
17645304,-0.0411,-0.0811
13703322,-0.0137,-0.0822
14647543,-0.0135,-0.082
15895581,-0.0324,-0.0868
13586679,-0.0323,-0.0912
13379026,-0.0389,-0.0816
14647420,-0.0386,-0.0813
13604217,-0.045,-0.0712
15894551,-0.0463,-0.0727
14975732,-0.0414,-0.107
13602199,-0.0406,-0.107
15420566,-0.0369,-0.0792
14975733,-0.0482,-0.0883
13602196,-0.0473,-0.0872
10753207,-0.0264,-0.0607
17647739,-0.0264,-0.0607
12907623,-0.0401,-0.0934
11911638,-0.0391,-0.0939
12729732,-0.0407,-0.096
14529770,-0.0411,-0.0953
13963934,-0.0417,-0.0838
16852519,-0.0406,-0.0847
12756452,-0.0429,-0.111
14647294,-0.0453,-0.109
12427543,-0.0458,-0.108
10873193,-0.0157,-0.0795
14647530,-0.00436,-0.0828
10855235,-0.00496,-0.0824
15059282,-0.0169,-0.0832
13746728,-0.0164,-0.0822
13379008,-0.0585,-0.101
11027907,-0.0591,-0.101
11379635,-0.0234,-0.0743
11466744,-0.0203,-0.0997
14702876,-0.0199,-0.0991
13580151,-0.0211,-0.0915
10906036,-0.0204,-0.0924
9757355,-0.0245,-0.0956
13967493,-0.0246,-0.0959
15574131,-0.0559,-0.0976
15895583,-0.0549,-0.0966
10801188,-0.00964,-0.0787
12970170,-0.0104,-0.0781
14818342,-0.0401,-0.103
13456606,-0.0407,-0.102
14530546,-0.0351,-0.0738
10906268,-0.0364,-0.073
12425718,-0.0366,-0.0733
11999351,-0.0113,-0.075
13746731,-0.0535,-0.0981
12268269,-0.0526,-0.0986
17190817,-0.0432,-0.106
17191351,-0.0435,-0.107
17190818,-0.0437,-0.107
14186158,-0.0446,-0.106
15050109,-0.0479,-0.0911
11465482,-0.0473,-0.0918
13960091,-0.0263,-0.0789
12141134,-0.0268,-0.0785
10753201,-0.0314,-0.0741
11192474,-0.0318,-0.0839
14701904,-0.0307,-0.0847
12872117,-0.0605,-0.103
12023938,-0.061,-0.103
13367611,-0.0238,-0.0918
15895576,-0.0243,-0.0922
15033329,-0.0259,-0.082
12309661,-0.025,-0.0827
12865491,-0.039,-0.102
11645064,-0.0397,-0.101
15895584,-0.0542,-0.0955
13967495,-0.0534,-0.0948
13602192,-0.0538,-0.0834
15895469,-0.0542,-0.0842
11077937,-0.0504,-0.0738
15248668,-0.0504,-0.0743
15033337,-0.0244,-0.0769
10856388,-0.0251,-0.0763
15646653,-0.024,-0.0599
10514554,-0.025,-0.0588
15050114,-0.0425,-0.0914
12056856,-0.0422,-0.091
13582245,-0.0222,-0.0928
13582243,-0.0232,-0.0941
13314262,-0.0222,-0.093
13314260,-0.022,-0.0932
11932968,-0.0215,-0.0936
13608613,-0.0317,-0.0696
14647531,-0.047,-0.0866
10628221,-0.0476,-0.086
13721071,-0.0545,-0.0846
11465471,-0.0534,-0.0854
17641785,-0.0465,-0.115
14015060,-0.05,-0.115
10798013,-0.0178,-0.0592
15420570,-0.0172,-0.0586
14647542,-0.0272,-0.0945
12769837,-0.0278,-0.0955
13602239,-0.0231,-0.0967
11192270,-0.023,-0.0983
13587555,-0.0229,-0.0903
11645530,-0.0236,-0.0896
11645531,-0.022,-0.0787
11763712,-0.0189,-0.0904
14701956,-0.0198,-0.0899
13580141,-0.0286,-0.0691
15060237,-0.0179,-0.072
10490444,-0.0171,-0.0728
12268268,-0.0472,-0.0974
11506046,-0.0394,-0.101
13963930,-0.0391,-0.102
14702878,-0.032,-0.0732
11506043,-0.0312,-0.0739
15645040,-0.0319,-0.0916
9336563,-0.0317,-0.0917
15420561,-0.0274,-0.0838
11379622,-0.0267,-0.0846
14347525,-0.0384,-0.078
11499192,-0.0399,-0.0775
10753208,-0.0398,-0.0773
12137515,-0.0391,-0.107
13602240,-0.0404,-0.106
14206186,-0.0273,-0.0673
11763367,-0.0262,-0.0681
13587504,-0.0154,-0.0605
12041411,-0.0162,-0.0615
13379048,-0.0395,-0.083
15919589,-0.0316,-0.0894
13582242,-0.048,-0.112
12746481,-0.0488,-0.111
13021319,0.00316,-0.0815
11192257,0.00273,-0.0821
12970484,-0.0129,-0.0781
12769815,-0.014,-0.0776
14534957,-0.0294,-0.083
11979328,-0.0302,-0.0822
13746716,-0.0417,-0.0921
10777174,-0.0413,-0.0916
14347380,-0.054,-0.0952
14701954,-0.00296,-0.0844
10798014,-0.00225,-0.085
13389533,-0.0297,-0.0704
15050079,-0.0119,-0.0799
12265867,-0.0111,-0.0808
13590210,-0.0183,-0.0567
11387736,-0.0477,-0.102
11763714,-0.0221,-0.0725
9406715,-0.018,-0.0574
15895587,-0.0179,-0.0575
12427158,-0.0458,-0.0738
11387735,-0.0429,-0.0946
13724813,-0.0426,-0.0941
11188627,-0.0427,-0.111
15895563,-0.0626,-0.106
11093694,-0.0637,-0.106
13407292,-0.0226,-0.0947
9297630,-0.0221,-0.0949
12057751,-0.0428,-0.0866
14700666,-0.0438,-0.0859
14647369,-0.00448,-0.0863
12491570,-0.00389,-0.0867
14702887,-0.023,-0.0908
9406716,-0.0179,-0.0573
14647552,-0.0177,-0.0575
14701881,-0.0466,-0.11
11900990,-0.0475,-0.109
11911640,-0.0152,-0.0626
14647409,-0.0145,-0.0616
13703173,-0.0194,-0.0861
11505638,-0.0204,-0.0854
15060238,-0.0463,-0.11
12746478,-0.0473,-0.109
10853868,-0.0455,-0.0987
13967385,-0.0461,-0.0994
11645073,-0.05,-0.112
13588731,-0.0495,-0.113
10521331,-0.0566,-0.0971
17641781,-0.0557,-0.0733
9546057,-0.0557,-0.0733
17641786,-0.0465,-0.115
13367709,-0.0483,-0.0757
13967488,-0.0485,-0.0753
14211371,-0.0113,-0.0655
11979326,-0.012,-0.0667
17641791,0.00225,-0.0851
17641790,0.00202,-0.0853
17641783,-0.0555,-0.0734
17641780,-0.0558,-0.0733
9576493,-0.0558,-0.0733
13379049,-0.0298,-0.0941
15323411,-0.0301,-0.0942
13602074,-0.0134,-0.0787
11192267,-0.0142,-0.0779
11030677,-0.0346,-0.091
14647529,-0.0339,-0.0901
12865489,-0.0391,-0.102
15060236,-0.00579,-0.0726
13604418,-0.00559,-0.0726
12539369,-0.0292,-0.103
12425204,-0.00466,-0.0819
14347520,-0.00403,-0.0824
14206183,-0.0349,-0.0768
10970777,-0.0378,-0.0822
15722423,-0.00505,-0.0733
9827845,-0.0313,-0.0858
14702883,-0.0313,-0.0855
9740761,-0.0293,-0.0699
9306383,-0.0393,-0.0822
17641787,-0.0395,-0.0823
15059281,-0.0242,-0.092
15033327,-0.0206,-0.0722
15033334,-0.0191,-0.0735
11979320,-0.0252,-0.0915
12970128,-0.0445,-0.0816
12427159,-0.0452,-0.0826
11379621,-0.019,-0.0906
13703172,-0.0451,-0.0875
11027908,-0.0444,-0.0882
15033341,-0.0211,-0.0761
12567534,-0.0204,-0.0767
9669744,-0.0216,-0.0917
14701882,-0.0238,-0.0594
9736635,-0.021,-0.0731
15033340,-0.0211,-0.0728
15596112,-0.0453,-0.1
12729738,-0.0447,-0.0993
15895582,-0.0161,-0.0597
10617015,-0.0167,-0.0605
15323515,-0.0182,-0.0879
12061606,-0.0175,-0.0886
13379025,-0.0557,-0.101
11919800,-0.0551,-0.101
14702879,-0.054,-0.0737
13367463,-0.0301,-0.0676
11192499,-0.0313,-0.0669
12970167,-0.0281,-0.0941
10798115,-0.0289,-0.0949
13602156,-0.0321,-0.0914
15323513,-0.0322,-0.0915
12659504,-0.0458,-0.0804
12659502,-0.0464,-0.08
13608615,-0.0167,-0.0704
10906265,-0.0158,-0.0712
12425717,-0.0281,-0.0703
13724809,-0.0586,-0.0905
14071647,-0.0586,-0.0908
13379019,-0.00715,-0.0707
13587517,-0.00724,-0.0709
13580150,-0.0255,-0.0931
13724816,-0.0253,-0.0932
13613589,-0.017,-0.0582
15050085,-0.0474,-0.0904
11192268,-0.0251,-0.0912
14534933,0.001,-0.0795
15596109,0.00123,-0.0796
15323512,0.000858,-0.0797
11499195,-0.0475,-0.0806
12349759,-0.0472,-0.0809
14702882,-0.044,-0.0819
13746714,-0.0437,-0.0822
14019997,-0.0408,-0.0928
12764075,-0.0405,-0.0922
12790160,-0.0174,-0.0734
14647366,-0.0184,-0.0726
14530547,-0.0197,-0.0711
10798116,-0.0204,-0.0705
9723185,-0.0111,-0.0762
14702881,-0.00891,-0.0885
11999350,-0.00955,-0.088
15027026,-0.0387,-0.0862
11999726,-0.0388,-0.0875
12790180,-0.0283,-0.0802
15033325,-0.0276,-0.0809
11192277,-0.0275,-0.0958
13602158,-0.0267,-0.0948
10799675,-0.038,-0.0824
9406714,-0.0183,-0.0571
10853869,-0.0492,-0.101
14647545,-0.0486,-0.1
15323514,-0.0449,-0.0873
12743050,-0.0442,-0.088
14647373,-0.0439,-0.093
10852575,-0.0443,-0.0934
11906839,-0.0465,-0.0979
12918379,-0.0471,-0.0987
14393864,-0.0228,-0.0616
13595462,-0.0221,-0.0622
13379023,-0.0214,-0.0919
12425205,-0.0205,-0.0927
10554769,-0.0206,-0.0856
12970469,-0.0196,-0.0863
13587556,-0.0366,-0.0879
11174140,-0.0371,-0.0888
11188424,-0.053,-0.0847
12406240,-0.0328,-0.0922
13367708,-0.00818,-0.0694
10752050,-0.00888,-0.0712
10777191,-0.0425,-0.104
12970169,-0.0418,-0.105
11911631,-0.00369,-0.0764
13724812,-0.0493,-0.0996
12729744,-0.0496,-0.1
13602190,-0.0397,-0.103
15596100,-0.0382,-0.104
15033324,-0.0261,-0.0821
10855236,-0.0252,-0.0829
11645909,-0.0284,-0.0804
13588391,-0.0408,-0.109
14393844,-0.0508,-0.0912
15050082,-0.0496,-0.113
14071644,-0.0529,-0.0817
12645552,-0.052,-0.0823
12743045,-0.053,-0.0925
15596107,-0.0526,-0.0938
15645038,-0.0313,-0.0923
17641788,-0.0316,-0.0919
9336565,-0.0314,-0.0921
15645039,-0.0312,-0.0921
14701883,-0.0211,-0.0882
12041408,-0.0219,-0.0873
12137499,-0.017,-0.0816
14700928,-0.0167,-0.086
12768809,-0.0158,-0.0867
15646655,-0.0167,-0.0674
13592934,-0.0174,-0.0668
12061609,-0.0218,-0.0722
10524974,-0.0634,-0.106
13580139,-0.0233,-0.0943
15033333,-0.0229,-0.0751
12425713,-0.0236,-0.0746
15033339,-0.0245,-0.0802
11911639,-0.0236,-0.081
10628288,-0.0474,-0.0921
12872318,-0.048,-0.0915
12268664,-0.0485,-0.111
14530529,-0.0477,-0.111
13602145,-0.048,-0.0912
14393842,-0.0482,-0.0915
13608595,-0.0324,-0.0913
13367635,-0.0227,-0.0946
9675581,-0.0149,-0.0679
13602144,-0.0148,-0.068
14347522,-0.0142,-0.0622
15920583,-0.0142,-0.0618
13105689,-0.0118,-0.0647
13590080,-0.0133,-0.0631
13510393,-0.0117,-0.0673
15895568,-0.0104,-0.0666
13967428,-0.0505,-0.0909
14818340,-0.0371,-0.103
12041406,-0.0025,-0.0777
15597211,-0.00204,-0.0768
14347384,-0.0213,-0.0884
12265868,-0.0222,-0.0877
15033326,-0.0271,-0.0834
15033328,-0.0286,-0.0821
10555069,-0.0253,-0.0765
15033336,-0.0245,-0.0771
15033338,-0.0198,-0.0744
13731735,-0.0191,-0.0749
13724804,-0.0479,-0.0912
9325811,-0.0489,-0.078
12427160,-0.0579,-0.0914
14071672,-0.0477,-0.0746
11767183,-0.0442,-0.106
10936297,-0.046,-0.108
15050084,-0.0455,-0.109
9767023,-0.045,-0.0708
15323510,-0.0451,-0.071
12970470,-0.0484,-0.0784
13605445,-0.0485,-0.0785
13608499,-0.0569,-0.0885
10521333,-0.0562,-0.0892
11194978,-0.0324,-0.106
14975734,-0.0316,-0.105
13605439,-0.0306,-0.0877
11030613,-0.0299,-0.0884
11645532,-0.0295,-0.102
10936282,-0.046,-0.0741
15033330,-0.026,-0.079
11505640,-0.0266,-0.0783
9687402,-0.0336,-0.0722
13602188,-0.0338,-0.0722
13750848,-0.0487,-0.0784
12042810,-0.0494,-0.079
16853019,-0.0408,-0.0847
13022648,-0.00592,-0.0847
11911634,-0.00653,-0.0842
10798015,-0.0173,-0.0884
13587553,-0.0338,-0.0961
15050112,-0.0338,-0.0718
14071650,-0.0334,-0.0717
14534810,-0.0574,-0.104
15033311,-0.0243,-0.08
12265869,-0.0235,-0.0807
13724807,-0.0182,-0.0849
15059279,-0.0527,-0.0813
11645066,-0.0518,-0.082
13367636,-0.0213,-0.0887
15646656,-0.0552,-0.1
11145585,-0.0541,-0.1
15574130,-0.0276,-0.084
12425716,-0.0269,-0.0847
14211369,-0.0421,-0.0839
15050113,-0.0195,-0.0709
11030623,-0.0202,-0.0703
11506045,-0.0382,-0.0755
14211185,-0.0373,-0.0765
14700669,0.000958,-0.0793
15292571,-0.0502,-0.094
14019999,-0.0538,-0.0984
11499194,-0.0527,-0.0988
11979339,-0.03,-0.0649
12898531,-0.0291,-0.0663
12137504,-0.0346,-0.0711
14347523,-0.0227,-0.0901
13126891,-0.0234,-0.0893
12642637,-0.000672,-0.0779
14647553,-0.000643,-0.0781
13724840,-0.0523,-0.0805
14534887,-0.0526,-0.0811
9844202,-0.0354,-0.0982
15033331,-0.0214,-0.0764
11979323,-0.0207,-0.077
11145538,-0.0497,-0.095
15292573,-0.0503,-0.0944
15596111,-0.0579,-0.1
15920580,-0.0495,-0.0932
15920546,-0.0292,-0.0828
15050115,-0.0431,-0.0688
13604328,-0.0426,-0.0682
13746711,-0.0273,-0.0641
15027003,-0.0284,-0.0655
14701959,-0.00123,-0.0774
13367514,-0.0491,-0.0971
14393919,-0.0264,-0.0661
13703346,-0.034,-0.0995
12970473,-0.0517,-0.0976
9833744,-0.0481,-0.0884
10781567,-0.0421,-0.0691
13746713,-0.0544,-0.096
15920547,-0.0418,-0.081
15323509,-0.0303,-0.0713
15420602,-0.0303,-0.071
11150317,-0.0424,-0.0696
14702874,-0.0254,-0.0615
15420564,-0.0305,-0.0678
12642387,-0.0358,-0.0981
14702880,-0.0159,-0.0819
10752049,-0.00389,-0.0762
12642640,-0.0419,-0.105
13604915,-0.0614,-0.105
15033335,-0.0256,-0.0815
13721069,-0.031,-0.085
9325813,-0.0492,-0.0778
15027008,-0.0556,-0.0863
12970172,-0.00462,-0.0864
14701884,-0.00549,-0.0875
12635744,-0.00353,-0.075
15050110,-0.0418,-0.0947
14347515,-0.0432,-0.0936
16089168,0.00199,-0.0803
14647544,0.00279,-0.081
13586616,-0.0339,-0.0755
14019802,-0.0446,-0.0706
13605437,-0.0242,-0.0633
13721238,-0.0103,-0.0779
13588879,-0.0403,-0.0803
13580144,-0.0597,-0.0918
13590082,-0.059,-0.0909
13605914,-0.0434,-0.0855
15033321,-0.0196,-0.0741
15050086,-0.0312,-0.105
12137505,-0.0363,-0.0971
9737618,-0.0543,-0.0962
17645329,-0.0481,-0.0884
17645316,-0.0421,-0.0691
13746697,-0.019,-0.0859
14975660,-0.0565,-0.102
15895561,-0.022,-0.0975
14701889,-0.0134,-0.0818
14530577,-0.025,-0.0957
12907624,-0.0458,-0.0885
13724815,-0.0557,-0.0865
13367462,-0.0335,-0.0987
15420603,0.00136,-0.0797
13580142,-0.0149,-0.0838
14530582,-0.0151,-0.084
15895567,-0.00915,-0.0888
14975731,-0.0316,-0.0889
13724810,-0.0308,-0.088
14534962,-0.00756,-0.0868
13703325,-0.00991,-0.0898
14647527,-0.0387,-0.105
15596101,-0.0389,-0.105
13602136,-0.0118,-0.0767
15920582,-0.0165,-0.0858
15420568,-0.0158,-0.0849
12872144,-0.0194,-0.0573
13967423,-0.0448,-0.1
15597212,-0.0236,-0.0625
15193695,-0.0375,-0.0872
12642638,-0.0127,-0.0779
13602198,-0.0157,-0.0848
14167357,-0.0177,-0.0577
13605448,-0.0586,-0.101
13604419,-0.0323,-0.0943
11763713,-0.0326,-0.0996
10902973,-0.0381,-0.0991
14974730,-0.034,-0.072
11763368,-0.0347,-0.0714
10944027,-0.0548,-0.095
11919799,-0.0486,-0.0939
11979327,-0.0187,-0.0683
12792642,-0.033,-0.0921
10804764,-0.0362,-0.104
14818320,-0.037,-0.103
12312016,-0.0469,-0.0751
14347519,-0.0571,-0.0888
12057752,-0.0564,-0.0893
10906008,-0.0051,-0.0748
9696294,-0.0137,-0.0819
12023943,-0.0411,-0.109
13950856,-0.0182,-0.0581
14818341,-0.037,-0.103
12743039,-0.0553,-0.101
12772049,-0.0365,-0.104
11645519,-0.0108,-0.0685
12265866,-0.00795,-0.0859
14071645,-0.00729,-0.0865
12743048,-0.0513,-0.0908
10748357,-0.0491,-0.0792
11645526,-0.0127,-0.0828
12051188,-0.0279,-0.104
11763710,-0.00405,-0.0869
13588978,-0.000458,-0.0781
9724735,-0.00176,-0.0832
11999349,-0.00227,-0.0779
13746730,-0.0497,-0.0773
11192258,-0.0156,-0.0865
10906266,-0.0295,-0.0715
12769831,-0.0234,-0.098
12668900,-0.0298,-0.0646
11192500,-0.035,-0.0905
10628291,-0.0379,-0.0752
10944026,-0.0481,-0.101
12635745,-0.0477,-0.101
10821428,-0.0332,-0.0859
12041412,-0.0327,-0.076
11466761,-0.0368,-0.0891
15027028,-0.0481,-0.0759
9803458,-0.046,-0.0721
10798027,-0.03,-0.0886
13605962,-0.0299,-0.106
11213720,-0.0303,-0.107
12137503,-0.0274,-0.0697
10943928,-0.0436,-0.094
9758257,-0.0107,-0.0658
9691031,-0.0258,-0.0813
12406294,-0.0254,-0.0971
11978947,0.00162,-0.0814
10521304,-0.0422,-0.0952
11096702,-0.0379,-0.105
10798028,-0.0257,-0.0969
12268270,-0.0511,-0.0905
12129888,-0.0442,-0.0718
14702875,-0.0472,-0.0868
11465086,-0.0478,-0.0863
13602194,-0.0483,-0.0884
14071612,-0.0487,-0.0888
10798117,-0.0335,-0.0862
15596854,-0.0491,-0.0748
11212479,-0.033,-0.0763
11192497,-0.0236,-0.0639
12772021,-0.0247,-0.066
10943941,-0.0443,-0.0997
11170527,-0.00981,-0.0883
12041410,-0.00942,-0.0701
10906009,-0.00947,-0.0785
10628219,-0.0397,-0.0929
12056855,-0.0414,-0.0957
11320111,-0.026,-0.0679
15027025,-0.0271,-0.0669
9306384,-0.0396,-0.0825
12137498,-0.00483,-0.088
11980112,-0.0322,-0.106
12129890,-0.0581,-0.0916
10521332,-0.0425,-0.0864
11027909,-0.0547,-0.0872
13604444,-0.0557,-0.0973
11387737,-0.0564,-0.0968
12743055,-0.0545,-0.087
12742727,-0.0305,-0.107
13486315,-0.03,-0.082
10906267,-0.0247,-0.0585
11388392,-0.062,-0.104
12769799,-0.00636,-0.084
12769803,-0.00818,-0.0863
11505637,-0.0109,-0.0806
12041407,-0.0125,-0.0826
11170581,-0.0142,-0.0844
9338140,-0.0318,-0.0918
15650519,-0.032,-0.0917
9336566,-0.0314,-0.092
9679878,-0.0455,-0.0778
15026999,-0.0453,-0.0781
9738208,-0.0439,-0.11
11192279,-0.0189,-0.0685
12056857,-0.0581,-0.099
12743042,-0.0583,-0.0992
16088191,0.00204,-0.0806
10488640,0.0016,-0.0811
13585465,-0.0127,-0.0758
15920548,-0.0164,-0.0702
11505639,-0.0156,-0.0709
15596105,-0.0368,-0.076
11919801,-0.0496,-0.0887
11030612,-0.00213,-0.0848
9689600,0.00139,-0.0794
14647381,0.00303,-0.0834
11192269,-0.0189,-0.0747
11352787,-0.0429,-0.104
11767179,-0.044,-0.0715
11466743,-0.0144,-0.0846
12772024,-0.0361,-0.0801
11906840,-0.0531,-0.0929
10540267,-0.0284,-0.0867
15596108,-0.0292,-0.086
16853020,-0.0411,-0.0845
11387738,-0.0415,-0.0849
12541136,-0.0144,-0.0623
12792639,-0.0392,-0.0871
14701960,-0.0312,-0.0722
11212466,-0.0281,-0.063
11979337,-0.0228,-0.0632
13906035,-0.0178,-0.0576
12792648,-0.0186,-0.0582
11763375,-0.0382,-0.105
10853885,-0.0546,-0.0948
14530544,-0.0595,-0.102
10628220,-0.0599,-0.102
10936283,-0.0456,-0.0823
12426152,-0.0393,-0.108
10798026,-0.0158,-0.0797
12769846,-0.032,-0.0842
14530580,-0.0416,-0.0812
14701961,-0.0138,-0.063
13963929,-0.0457,-0.109
13605992,-0.0441,-0.0903
14530579,-0.0462,-0.091
13604421,-0.0589,-0.0908
13367511,-0.0185,-0.1
17645261,-0.0226,-0.0947
11145586,-0.0493,-0.0882
13608593,-0.0305,-0.0715
11171768,-0.0299,-0.0721
17645293,-0.0424,-0.0695
12772032,-0.0315,-0.0672
12425719,-0.0365,-0.0974
13367228,-0.0314,-0.0722
15292572,-0.0502,-0.0941
12635576,-0.00625,-0.0885
13586684,-0.0124,-0.0651
15688806,-0.0726,-0.0854
15726062,-0.0701,-0.0837
15658391,-0.0743,-0.0928
15675300,-0.0746,-0.0936
15683976,-0.0762,-0.0963
15720727,-0.0776,-0.0984
15719277,-0.0791,-0.101
15815273,-0.0791,-0.101
15720927,-0.0778,-0.0988
15678249,-0.076,-0.096
9533291,-0.0558,-0.0733
15829521,-0.0694,-0.0834
17596641,-0.0558,-0.0733
17596642,-0.0556,-0.0734
15709099,-0.0735,-0.0914
12765091,-0.0718,-0.0919
9318330,-0.0725,-0.086
13500279,-0.0705,-0.0897
15688800,-0.0716,-0.0884
15657422,-0.0794,-0.102
12042814,-0.069,-0.0872
15719414,-0.0707,-0.0865
12369722,-0.0779,-0.102
15695193,-0.0555,-0.0744
12427539,-0.0764,-0.0992
15694309,-0.0642,-0.085
17597332,-0.0725,-0.0861
11645069,-0.0689,-0.0869
15675263,-0.0698,-0.0842
15653236,-0.08,-0.104
15646823,-0.0801,-0.104
15681061,-0.0806,-0.106
15829522,-0.0747,-0.0938
11188427,-0.072,-0.0921
15751800,-0.0792,-0.102
12669487,-0.078,-0.102
11767181,-0.075,-0.0971
10777173,-0.0734,-0.0944
11645075,-0.0788,-0.104
10936296,-0.0766,-0.0994
12129892,-0.0747,-0.0968
12023941,-0.0702,-0.0894
13577287,-0.0789,-0.105
11082502,-0.0735,-0.0946
10749592,-0.0673,-0.0856